X0,X1,X2,X3,X4,X5,X6,X7,X8,X9,X10,X11,X12,X13,X14,X15,X16,X17,X18,X19,X20,X21,X22,X23,Y
2,2,0,2,2,2,84,2,0,24,0,0,0,0,1,0,0,0,0,0,0,1,0,0,1
2,2,0,2,2,13,89,1,0,24,0,0,0,0,1,0,0,0,0,0,0,0,1,0,1
1,1,0,1,1,2,154,1,0,1,0,0,0,0,0,1,0,0,0,0,0,0,1,0,0
13,3,10,13,-7,30,118,2,0,24,0,0,0,0,0,0,1,1,0,0,0,0,0,0,1
17,17,0,17,17,17,183,1,0,13,1,0,0,0,0,0,0,0,1,0,0,0,0,0,1
1484,1484,0,1484,1484,16,98,1815,0,24,0,0,0,0,1,0,0,0,0,0,0,0,1,0,1
0,0,0,0,0,39,138,1,0,24,0,0,0,0,0,1,0,1,0,0,0,0,0,0,0
0,0,0,0,0,20,213,2,0,24,0,0,0,0,0,1,0,0,0,0,0,0,0,1,0
5,3,2,5,1,25,247,3,0,24,0,0,0,0,1,0,0,0,0,0,0,0,1,0,0
585,585,0,585,585,10,467,1343,0,24,0,0,0,0,1,0,0,0,0,0,0,0,1,0,0
5,5,0,5,5,19,254,1,0,24,0,0,0,0,1,0,0,0,0,0,0,0,1,0,1
11,2,9,9,-7,37,108,21,0,24,0,0,0,0,0,1,0,0,0,0,0,0,0,1,1
8,8,0,8,8,19,395,15,0,24,0,0,0,0,0,1,0,0,0,0,0,0,0,1,1
10,10,0,10,10,7,211,3,0,24,0,0,0,0,0,1,0,0,0,0,0,0,1,0,1
233,233,0,233,233,12,335,200,0,24,0,0,0,0,0,1,0,0,0,0,0,0,0,1,0
10,10,0,10,10,18,196,3,0,24,0,0,0,0,0,1,0,0,0,0,0,0,0,1,0
3,2,1,2,1,30,185,11,0,13,0,0,0,0,0,0,1,1,0,0,0,0,0,0,0
12,12,0,12,12,22,174,1,0,19,0,0,0,0,0,0,1,1,0,0,0,0,0,0,0
5,5,0,5,5,17,961,1,0,21,0,0,0,0,0,0,1,1,0,0,0,0,0,0,1
12,12,0,12,12,9,323,1,0,16,1,0,0,0,0,0,0,1,0,0,0,0,0,0,0
606,606,0,606,606,8,19,246,0,17,0,0,0,0,1,0,0,0,0,0,0,1,0,0,0
168,168,0,168,168,3,35,156,0,11,0,0,0,0,1,0,0,0,0,0,0,0,1,0,1
0,0,0,0,0,0,31,61,0,0,0,0,0,0,0,1,0,0,0,0,0,0,1,0,1
303,303,0,303,303,23,0,2988,0,24,0,0,0,0,0,1,0,0,0,0,0,0,0,1,0
626,626,0,626,626,22,14,525,0,24,0,0,0,0,0,1,0,0,0,0,0,0,0,1,0
294,294,0,294,294,6,52,452,0,24,0,0,0,0,0,0,1,0,0,0,0,0,0,1,0
549,549,0,549,549,11,21,232,0,15,1,0,0,0,0,0,0,1,0,0,0,0,0,0,1
719,719,0,719,719,8,37,311,0,11,1,0,0,0,0,0,0,0,1,0,0,0,0,0,0
0,0,0,0,0,0,42,52,0,1,0,1,0,0,0,0,0,0,1,0,0,0,0,0,1
6,6,0,6,6,8,1920,49,0,21,0,0,0,0,1,0,0,0,0,0,0,1,0,0,1
15,15,0,15,15,11,152,2,0,17,0,0,0,0,1,0,0,0,0,0,0,1,0,0,0
38,38,0,38,38,15,447,76,0,10,0,0,0,0,1,0,0,0,0,0,0,0,1,0,0
0,0,0,0,0,3,1137,2,0,21,0,0,0,0,1,0,0,0,0,0,0,1,0,0,0
5,5,0,5,5,3,461,43,0,20,0,0,0,0,1,0,0,0,0,0,0,1,0,0,0
0,0,0,0,0,18,5359,1,0,5,0,0,0,0,1,0,0,0,0,0,0,0,1,0,1
3,3,0,3,3,17,1952,35,0,5,0,0,0,0,1,0,0,0,0,0,0,0,1,0,1
3,3,0,3,3,3,109,24,0,20,0,0,0,0,1,0,0,0,0,0,0,1,0,0,1
5,5,0,5,5,17,229,24,0,5,0,0,0,0,1,0,0,0,0,0,0,0,1,0,1
6,6,0,6,6,16,896,111,0,5,0,0,0,0,1,0,0,0,0,0,0,0,1,0,1
1,1,0,1,1,7,21,3,0,14,0,0,0,0,1,0,0,0,0,0,0,1,0,0,1
0,0,0,0,0,1,1977,93,0,18,0,0,0,0,1,0,0,0,0,0,0,1,0,0,0
3,3,0,3,3,9,1153,28,0,9,0,0,0,0,1,0,0,0,0,0,0,0,1,0,0
340,340,0,340,340,14,188,3,0,4,0,0,0,0,1,0,0,0,0,0,0,0,1,0,0
3,3,0,3,3,4,252,11,0,13,0,0,0,0,1,0,0,0,0,0,0,1,0,0,1
67,67,0,67,67,1,109,1,0,15,0,0,0,0,1,0,0,0,0,0,0,1,0,0,1
2,2,0,2,2,1,242,2,0,16,0,0,0,0,1,0,0,0,0,0,0,1,0,0,1
9,9,0,9,9,6,2545,31,0,9,0,0,0,0,1,0,0,0,0,0,0,0,1,0,0
300,300,0,300,300,4,0,11,0,11,0,0,0,0,1,0,0,0,0,0,0,0,1,0,0
9,9,0,9,9,3,147,23,0,11,0,0,0,0,1,0,0,0,0,0,0,0,1,0,0
3,3,0,3,3,8,1344,2,0,4,0,0,0,0,1,0,0,0,0,0,0,0,1,0,1
0,0,0,0,0,7,0,1,0,5,0,0,0,0,1,0,0,0,0,0,0,0,1,0,0
0,0,0,0,0,0,225,41,0,12,0,0,0,0,0,1,0,0,0,0,0,0,1,0,1
0,0,0,0,0,0,267,17,0,9,0,0,0,0,0,1,0,0,0,0,0,0,1,0,1
0,0,0,0,0,0,224,4,0,7,0,0,0,0,0,1,0,0,0,0,0,0,1,0,0
1,1,0,1,1,2,777,13,0,1,0,0,0,0,0,1,0,0,0,0,0,0,1,0,1
0,0,0,0,0,0,1264,55,0,6,0,0,0,0,0,1,0,0,0,0,0,0,1,0,0
0,0,0,0,0,3,1284,32,0,2,0,0,0,0,0,1,0,0,0,0,0,0,1,0,0
3,3,0,3,3,2,885,64,0,1,0,0,0,0,0,1,0,0,0,0,0,0,1,0,0
0,0,0,0,0,0,683,12,0,2,0,0,0,0,0,1,0,0,0,0,0,0,1,0,1
0,0,0,0,0,0,258,2,0,1,0,0,0,0,0,1,0,0,0,0,0,0,1,0,0
0,0,0,0,0,0,549,17,0,1,0,0,0,0,0,1,0,0,0,0,0,0,1,0,1
0,0,0,0,0,2,0,18,0,2,0,0,0,0,0,1,0,0,0,0,0,0,1,0,1
0,0,0,0,0,0,0,11,0,0,0,0,0,0,0,1,0,0,0,0,0,0,1,0,1
0,0,0,0,0,29,0,16,0,24,0,0,0,0,0,1,0,0,0,0,0,0,0,1,1
3,1,2,2,-1,36,2369,18,0,24,0,0,0,0,0,1,0,1,0,0,0,0,0,0,1
6,6,0,6,6,23,1902,3,0,24,0,0,0,0,0,1,0,0,0,0,0,0,0,1,0
0,0,0,0,0,53,1037,39,0,16,0,0,0,0,0,1,0,1,0,0,0,0,0,0,1
0,0,0,0,0,19,1127,117,0,24,0,0,0,0,0,1,0,0,0,0,0,0,0,1,1
1,0,0,1,0,66,1026,30,0,2,0,0,0,0,0,1,0,0,1,0,0,0,0,0,0
7,3,4,7,-1,25,1796,38,0,24,0,0,0,0,0,1,0,0,0,0,0,0,0,1,0
2,2,0,2,2,26,96,18,0,24,0,0,0,0,0,1,0,0,0,0,0,0,0,1,0
64,64,0,64,64,21,1109,118,0,24,0,0,0,0,0,1,0,0,0,0,0,0,0,1,1
27,1,26,26,-25,47,190,1,0,18,0,0,0,0,0,1,0,1,0,0,0,0,0,0,0
7,1,6,6,-5,31,337,27,0,24,0,0,0,0,0,1,0,1,0,0,0,0,0,0,1
8,0,8,8,-8,44,999,71,0,19,0,0,0,0,0,1,0,1,0,0,0,0,0,0,1
14,0,1,14,-1,55,222,70,0,8,0,0,0,0,0,1,0,0,1,0,0,0,0,0,0
6,6,0,6,6,5,405,88,0,24,0,0,0,0,0,1,0,0,0,0,0,0,0,1,0
5,5,0,5,5,22,1582,45,0,24,0,0,0,0,0,1,0,0,0,0,0,0,0,1,0
46,2,44,45,-42,43,623,154,0,9,0,0,0,0,0,0,1,0,1,0,0,0,0,0,1
13,13,0,13,13,16,944,102,0,24,0,0,0,0,0,0,1,0,0,0,0,0,0,1,0
8,8,0,8,8,13,0,66,0,24,0,0,0,0,0,0,1,0,0,0,0,0,0,1,1
0,0,0,0,0,17,0,2,0,24,0,0,0,0,0,0,1,1,0,0,0,0,0,0,1
1,1,0,1,1,19,273,16,0,24,0,0,0,0,0,0,1,1,0,0,0,0,0,0,1
3,3,0,3,3,7,1079,74,0,24,0,0,0,0,0,0,1,0,0,0,0,0,0,1,1
4,4,0,4,4,17,1352,4,0,24,0,0,0,0,0,0,1,1,0,0,0,0,0,0,1
0,0,0,0,0,0,0,24,0,24,0,0,0,0,0,0,1,0,0,0,0,0,0,1,0
7,1,6,6,-5,32,1165,1,0,16,0,0,0,0,0,0,1,1,0,0,0,0,0,0,0
8,1,7,8,-6,32,6197,48,0,15,0,0,0,0,0,0,1,1,0,0,0,0,0,0,1
3,0,3,3,-3,38,262,18,0,8,0,0,0,0,0,0,1,0,1,0,0,0,0,0,0
3,0,3,3,-3,44,2603,34,0,2,0,0,0,0,0,0,1,0,1,0,0,0,0,0,0
2,2,0,2,2,10,2110,3,0,24,0,0,0,0,0,0,1,1,0,0,0,0,0,0,1
2,2,0,2,2,10,40,3,0,24,0,0,0,0,0,0,1,1,0,0,0,0,0,0,0
279,82,197,267,-115,30,105,1,0,14,0,0,0,0,0,0,1,1,0,0,0,0,0,0,0
105,104,1,85,103,26,241,482,0,17,0,0,0,0,0,0,1,1,0,0,0,0,0,0,1
0,0,0,0,0,15,331,3,0,24,0,0,0,0,0,0,1,1,0,0,0,0,0,0,1
0,0,0,0,0,4,211,2,0,24,0,0,0,0,0,0,1,0,0,0,0,0,0,1,1
8,8,0,8,8,18,943,18,0,22,0,0,0,0,0,0,1,1,0,0,0,0,0,0,1
10,10,0,10,10,20,282,14,0,19,0,0,0,0,0,0,1,1,0,0,0,0,0,0,0
13,1,12,12,-11,29,959,16,0,9,0,0,0,0,0,0,1,0,1,0,0,0,0,0,0
11,11,0,11,11,11,1945,137,0,24,0,0,0,0,0,0,1,1,0,0,0,0,0,0,0
20,20,0,20,20,12,520,103,0,24,0,0,0,0,0,0,1,1,0,0,0,0,0,0,1
7,7,0,7,7,18,1663,59,0,9,1,0,0,0,0,0,0,0,1,0,0,0,0,0,0
203,203,0,203,203,14,169,2,0,13,1,0,0,0,0,0,0,1,0,0,0,0,0,0,0
1,1,0,1,1,2,2282,76,0,23,1,0,0,0,0,0,0,1,0,0,0,0,0,0,1
0,0,0,0,0,1,0,6,0,24,1,0,0,0,0,0,0,1,0,0,0,0,0,0,1
9,9,0,9,9,16,550,68,0,12,1,0,0,0,0,0,0,1,0,0,0,0,0,0,1
1,1,0,1,1,15,281,22,0,11,1,0,0,0,0,0,0,0,1,0,0,0,0,0,0
0,0,0,0,0,15,299,11,0,8,1,0,0,0,0,0,0,0,1,0,0,0,0,0,0
8,8,0,8,8,14,6125,65,0,8,1,0,0,0,0,0,0,0,1,0,0,0,0,0,0
1,1,0,1,1,16,279,12,0,6,1,0,0,0,0,0,0,0,1,0,0,0,0,0,0
24,24,0,24,24,1,130,6,0,19,1,0,0,0,0,0,0,1,0,0,0,0,0,0,1
1,1,0,1,1,4,1291,38,0,16,1,0,0,0,0,0,0,1,0,0,0,0,0,0,1
977,977,0,977,977,19,17,31,0,1,1,0,0,0,0,0,0,0,1,0,0,0,0,0,1
145,145,0,145,145,17,26,15,0,1,1,0,0,0,0,0,0,0,1,0,0,0,0,0,0
0,0,0,0,0,9,0,31,0,8,1,0,0,0,0,0,0,0,1,0,0,0,0,0,0
42,42,0,42,42,10,675,104,0,6,1,0,0,0,0,0,0,0,1,0,0,0,0,0,0
3,3,0,3,3,14,289,2,0,1,1,0,0,0,0,0,0,0,1,0,0,0,0,0,1
1,1,0,1,1,3,181,3,0,12,1,0,0,0,0,0,0,1,0,0,0,0,0,0,0
5,5,0,5,5,6,1838,36,0,9,1,0,0,0,0,0,0,0,1,0,0,0,0,0,0
20,20,0,20,20,6,255,1,0,8,1,0,0,0,0,0,0,0,1,0,0,0,0,0,0
9,9,0,9,9,5,177,3,0,8,1,0,0,0,0,0,0,0,1,0,0,0,0,0,0
10,10,0,10,10,3,891,68,0,1,0,1,0,0,0,0,0,0,1,0,0,0,0,0,0
2,2,0,2,2,2,0,6,0,1,0,1,0,0,0,0,0,0,1,0,0,0,0,0,0
0,0,0,0,0,1,0,2,0,2,0,1,0,0,0,0,0,0,1,0,0,0,0,0,1
0,0,0,0,0,0,1268,1,0,2,0,1,0,0,0,0,0,0,1,0,0,0,0,0,1
0,0,0,0,0,0,240,2,0,1,0,1,0,0,0,0,0,0,1,0,0,0,0,0,1
0,0,0,0,0,0,896,3,0,0,0,1,0,0,0,0,0,0,1,0,0,0,0,0,0
10,1,0,9,1,72,35,36,0,24,0,0,0,0,1,0,0,1,0,0,0,0,0,0,1
6,0,1,5,-1,70,35,55,0,24,0,0,0,0,1,0,0,1,0,0,0,0,0,0,0
0,0,0,0,0,0,35,32,0,24,0,0,0,0,1,0,0,0,0,0,0,1,0,0,0
9,9,0,9,9,7,35,89,0,24,0,0,0,0,1,0,0,0,0,0,0,1,0,0,1
9,0,0,9,0,69,35,36,0,24,0,0,0,0,1,0,0,1,0,0,0,0,0,0,0
12,6,6,10,0,43,35,42,0,24,0,0,0,0,1,0,0,0,0,0,0,0,0,1,1
24,24,0,24,24,13,35,133,0,24,0,0,0,0,1,0,0,0,0,0,0,0,1,0,1
12,1,11,11,-10,47,35,73,0,24,0,0,0,0,1,0,0,0,0,0,0,0,0,1,1
1,0,1,1,-1,29,38,18,0,24,0,0,0,0,0,1,0,0,0,0,0,0,0,1,1
10,0,10,10,-10,41,35,62,0,24,0,0,0,0,0,1,0,0,0,0,0,0,0,1,0
7,4,3,7,1,28,34,143,0,24,0,0,0,0,0,1,0,0,0,0,0,0,0,1,1
13,7,6,13,1,29,38,106,0,24,0,0,0,0,0,1,0,0,0,0,0,0,0,1,0
51,10,41,43,-31,43,40,205,0,24,0,0,0,0,0,1,0,1,0,0,0,0,0,0,0
6,1,1,5,0,56,35,62,0,12,0,0,0,0,0,1,0,0,1,0,0,0,0,0,0
33,4,5,25,-1,59,40,218,0,6,0,0,0,0,0,1,0,0,1,0,0,0,0,0,0
29,13,16,22,-3,31,34,250,0,24,0,0,0,0,0,1,0,1,0,0,0,0,0,0,1
37,17,20,36,-3,29,40,261,0,24,0,0,0,0,0,0,1,1,0,0,0,0,0,0,0
8,8,0,8,8,1,35,81,0,24,0,0,0,0,0,0,1,0,0,0,0,0,0,1,0
19,1,18,19,-17,40,40,139,0,13,0,0,0,0,0,0,1,1,0,0,0,0,0,0,0
11,3,8,11,-5,31,37,276,0,19,0,0,0,0,0,0,1,1,0,0,0,0,0,0,0
7,2,5,5,-3,40,38,40,0,7,0,0,0,0,0,0,1,0,1,0,0,0,0,0,1
15,2,13,14,-11,43,36,179,0,1,0,0,0,0,0,0,1,0,1,0,0,0,0,0,0
10,10,0,10,10,21,37,136,0,20,0,0,0,0,0,0,1,1,0,0,0,0,0,0,1
7,7,0,7,7,20,40,57,0,18,0,0,0,0,0,0,1,1,0,0,0,0,0,0,0
7,7,0,7,7,11,37,87,0,24,1,0,0,0,0,0,0,1,0,0,0,0,0,0,0
10,10,0,10,10,24,71,101,0,8,1,0,0,0,0,0,0,0,1,0,0,0,0,0,1
3,3,0,3,3,20,74,50,0,9,1,0,0,0,0,0,0,0,1,0,0,0,0,0,0
0,0,0,0,0,14,77,49,0,12,1,0,0,0,0,0,0,0,1,0,0,0,0,0,1
8,8,0,8,8,21,77,31,0,2,1,0,0,0,0,0,0,0,1,0,0,0,0,0,0
4,4,0,4,4,5,74,108,0,15,1,0,0,0,0,0,0,1,0,0,0,0,0,0,0
4,4,0,4,4,1,75,52,0,16,1,0,0,0,0,0,0,1,0,0,0,0,0,0,0
8,8,0,8,8,9,76,64,0,5,1,0,0,0,0,0,0,0,1,0,0,0,0,0,1
11,11,0,11,11,2,71,67,0,9,0,1,0,0,0,0,0,0,1,0,0,0,0,0,0
5,5,0,5,5,7,14,37,0,1,0,1,0,0,0,0,0,0,1,0,0,0,0,0,1
5,5,0,5,5,4,14,45,0,1,0,1,0,0,0,0,0,0,1,0,0,0,0,0,0
4,4,0,4,4,1,14,31,0,1,0,1,0,0,0,0,0,0,1,0,0,0,0,0,1
1,0,1,1,-1,34,158,1,0,24,0,0,0,0,0,1,0,0,0,0,0,0,0,1,0
1096,414,682,983,-268,39,0,200,0,24,0,0,0,0,0,1,0,0,0,0,0,0,0,1,0
165,165,0,165,165,6,136,177,0,24,0,0,0,0,0,0,1,0,0,0,0,0,0,1,0
982,142,840,851,-698,47,281,245,0,2,0,0,0,0,0,0,1,0,1,0,0,0,0,0,1
245,60,185,225,-125,37,324,196,0,4,1,0,0,0,0,0,0,0,1,0,0,0,0,0,1
0,0,0,0,0,0,299,242,0,13,0,1,0,0,0,0,0,0,1,0,0,0,0,0,0
37,6,31,31,-25,40,87,1,0,7,0,0,0,0,0,0,1,0,1,0,0,0,0,0,0
12,12,0,12,12,17,192,2,0,24,0,0,0,0,0,0,1,1,0,0,0,0,0,0,1
34,34,0,34,34,4,108,52,0,24,0,0,0,0,0,1,0,0,0,0,0,0,1,0,1
48,3,32,45,-29,50,71,47,0,11,0,0,0,0,0,1,0,0,1,0,0,0,0,0,1
47,47,0,47,47,13,46,44,0,24,0,0,0,0,0,1,0,0,0,0,0,0,0,1,1
120,120,0,120,120,18,186,72,0,24,0,0,0,0,0,1,0,0,0,0,0,0,0,1,0
64,64,0,64,64,6,360,46,0,24,0,0,0,0,0,0,1,0,0,0,0,0,0,1,1
27,27,0,27,27,5,90,39,0,24,0,0,0,0,0,0,1,0,0,0,0,0,0,1,1
67,67,0,67,67,10,129,87,0,24,0,0,0,0,0,0,1,1,0,0,0,0,0,0,0
96,48,48,94,0,27,178,1428,0,24,0,0,0,0,1,0,0,0,0,0,0,0,1,0,1
20,4,16,18,-12,38,0,63,0,24,0,0,0,0,0,1,0,1,0,0,0,0,0,0,0
0,0,0,0,0,8,183,2,0,24,0,0,0,0,0,0,1,0,0,0,0,0,0,1,0
10,10,0,10,10,20,191,91,0,11,1,0,0,0,0,0,0,0,1,0,0,0,0,0,1
11,11,0,11,11,11,234,82,0,2,0,1,0,0,0,0,0,0,1,0,0,0,0,0,1
0,0,0,0,0,1,32,1,0,6,0,1,0,0,0,0,0,0,1,0,0,0,0,0,1
0,0,0,0,0,17,90,1,0,2,0,1,0,0,0,0,0,0,1,0,0,0,0,0,1
0,0,0,0,0,39,68,1,0,10,0,0,0,0,0,0,1,0,1,0,0,0,0,0,0
0,0,0,0,0,13,67,1,0,21,1,0,0,0,0,0,0,0,1,0,0,0,0,0,0
1,1,0,1,1,13,36,1,0,4,0,1,0,0,0,0,0,0,1,0,0,0,0,0,1
0,0,0,0,0,32,96,1,0,24,0,0,0,0,0,0,1,1,0,0,0,0,0,0,0
1043,1043,0,1043,1043,6,176,3569,0,24,0,0,0,0,0,0,1,1,0,0,0,0,0,0,1
1011,1011,0,1011,1011,22,147,2574,0,15,0,0,0,0,0,0,1,1,0,0,0,0,0,0,0
1707,1707,0,1707,1707,16,23,2739,0,19,1,0,0,0,0,0,0,1,0,0,0,0,0,0,0
711,711,0,711,711,14,179,1208,0,17,1,0,0,0,0,0,0,1,0,0,0,0,0,0,1
2276,2276,0,2276,2276,9,103,2940,0,4,1,0,0,0,0,0,0,0,1,0,0,0,0,0,1
1600,1600,0,1600,1600,7,188,2271,0,1,0,1,0,0,0,0,0,0,1,0,0,0,0,0,0
912,912,0,912,912,4,79,1537,0,2,0,1,0,0,0,0,0,0,1,0,0,0,0,0,1
0,0,0,0,0,4,67,1,0,24,0,0,0,0,1,0,0,0,0,0,0,1,0,0,0
0,0,0,0,0,17,68,3,0,24,0,0,0,0,1,0,0,0,0,0,0,0,1,0,0
1,0,1,0,-1,59,75,2,0,13,0,0,0,0,0,1,0,1,0,0,0,0,0,0,0
2,2,0,2,2,6,83,13,0,24,0,0,0,0,0,0,1,0,0,0,0,0,0,1,1
0,0,0,0,0,11,69,2,0,13,1,0,0,0,0,0,0,1,0,0,0,0,0,0,0
0,0,0,0,0,0,81,2,0,0,0,1,0,0,0,0,0,0,1,0,0,0,0,0,0
10,10,0,10,10,13,119,8,0,10,0,0,0,0,1,0,0,0,0,0,0,0,1,0,1
6,6,0,6,6,18,156,20,0,3,0,0,0,0,1,0,0,0,0,0,0,0,1,0,0
5,5,0,5,5,9,0,1,0,12,0,0,0,0,1,0,0,0,0,0,0,1,0,0,1
2,2,0,2,2,6,161,14,0,13,0,0,0,0,1,0,0,0,0,0,0,1,0,0,1
0,0,0,0,0,7,344,3,0,11,0,0,0,0,1,0,0,0,0,0,0,0,1,0,1
3,3,0,3,3,14,111,6,0,2,0,0,0,0,1,0,0,0,0,0,0,0,1,0,0
7,7,0,7,7,7,169,1,0,24,0,0,0,0,1,0,0,0,0,0,0,0,1,0,1
59,59,0,59,59,20,237,2,0,24,0,0,0,0,0,1,0,0,0,0,0,0,1,0,1
11,0,0,11,0,68,41,3,0,2,0,0,0,0,0,1,0,0,1,0,0,0,0,0,1
14,3,11,13,-8,41,223,3,0,24,0,0,0,0,0,1,0,1,0,0,0,0,0,0,0
18,18,0,18,18,2,116,22,0,24,0,0,0,0,0,1,0,0,0,0,0,0,1,0,1
3,3,0,3,3,19,126,12,0,24,0,0,0,0,0,1,0,0,0,0,0,0,0,1,0
3,2,1,3,1,25,197,28,0,24,0,0,0,0,0,1,0,0,0,0,0,0,0,1,1
30,3,5,27,-2,62,71,19,0,4,0,0,0,0,0,1,0,0,1,0,0,0,0,0,0
51,6,19,45,-13,51,113,17,0,14,0,0,0,0,0,1,0,1,0,0,0,0,0,0,1
4,4,0,4,4,3,88,29,0,24,0,0,0,0,0,1,0,0,0,0,0,0,0,1,0
1,1,0,1,1,1,140,1,0,24,0,0,0,0,0,0,1,0,0,0,0,0,0,1,1
23,2,21,22,-19,37,164,2,0,8,0,0,0,0,0,0,1,0,1,0,0,0,0,0,1
8,1,7,7,-6,34,63,12,0,10,0,0,0,0,0,0,1,0,1,0,0,0,0,0,1
38,38,0,38,38,12,0,3,0,24,0,0,0,0,0,0,1,1,0,0,0,0,0,0,0
59,26,33,58,-7,27,62,335,0,15,0,0,0,0,0,0,1,1,0,0,0,0,0,0,1
9,9,0,9,9,24,65,66,0,17,0,0,0,0,0,0,1,1,0,0,0,0,0,0,0
5,5,0,5,5,11,92,12,0,15,1,0,0,0,0,0,0,1,0,0,0,0,0,0,0
7,7,0,7,7,14,91,3,0,4,1,0,0,0,0,0,0,0,1,0,0,0,0,0,0
6,6,0,6,6,6,79,19,0,5,1,0,0,0,0,0,0,0,1,0,0,0,0,0,1
11,11,0,11,11,18,68,15,0,24,0,0,0,0,1,0,0,0,0,0,0,1,0,0,0
63,63,0,63,63,2,58,42,0,24,0,0,0,0,1,0,0,0,0,0,0,1,0,0,1
54,3,17,44,-14,58,138,18,0,11,0,0,0,0,0,1,0,0,1,0,0,0,0,0,1
73,73,0,73,73,8,135,23,0,16,0,0,0,0,1,0,0,0,0,0,0,1,0,0,1
55,55,0,55,55,20,106,71,0,24,0,0,0,0,0,0,1,1,0,0,0,0,0,0,0
16,1,15,15,-14,41,0,66,0,24,0,0,0,0,1,0,0,0,0,0,0,0,1,0,1
8,8,0,8,8,7,0,3,0,2,0,1,0,0,0,0,0,0,1,0,0,0,0,0,0
18,18,0,18,18,3,29,63,0,24,0,0,0,0,1,0,0,0,0,0,0,1,0,0,1
39,6,33,37,-27,40,32,66,0,24,0,0,0,0,1,0,0,0,0,0,0,0,0,1,1
45,3,10,39,-7,61,29,81,0,24,0,0,0,0,1,0,0,1,0,0,0,0,0,0,0
36,0,0,36,0,67,74,132,0,6,0,0,0,0,0,1,0,0,1,0,0,0,0,0,0
24,1,3,22,-2,65,28,34,0,3,0,0,0,0,0,1,0,0,1,0,0,0,0,0,1
39,13,26,35,-13,32,63,33,0,24,0,0,0,0,0,1,0,1,0,0,0,0,0,0,1
39,39,0,39,39,6,36,90,0,24,0,0,0,0,0,0,1,0,0,0,0,0,0,1,0
17,4,13,13,-9,41,245,15,0,5,0,0,0,0,0,0,1,0,1,0,0,0,0,0,1
16,16,0,16,16,13,32,20,0,24,0,0,0,0,0,0,1,1,0,0,0,0,0,0,0
27,27,0,27,27,19,13,43,0,21,0,0,0,0,0,0,1,1,0,0,0,0,0,0,1
43,43,0,43,43,19,42,77,0,6,1,0,0,0,0,0,0,0,1,0,0,0,0,0,1
4,4,0,4,4,17,31,16,0,3,1,0,0,0,0,0,0,0,1,0,0,0,0,0,1
30,30,0,30,30,4,29,62,0,12,1,0,0,0,0,0,0,1,0,0,0,0,0,0,1
0,0,0,0,0,0,36,18,0,1,0,1,0,0,0,0,0,0,1,0,0,0,0,0,0
106,106,0,106,106,17,33,29,0,1,0,0,0,0,1,0,0,0,0,0,0,0,1,0,1
164,164,0,164,164,1,43,176,0,24,0,0,0,0,0,1,0,0,0,0,0,0,1,0,0
931,177,754,771,-577,47,60,362,0,2,0,0,0,0,0,0,1,0,1,0,0,0,0,0,1
2,0,2,2,-2,36,178,3,0,24,0,0,0,0,1,0,0,0,0,0,0,0,1,0,1
6,1,0,5,1,65,73,5,0,24,0,0,0,0,1,0,0,1,0,0,0,0,0,0,1
1,0,0,1,0,49,58,1,0,22,0,0,0,0,0,1,0,1,0,0,0,0,0,0,1
0,0,0,0,0,46,109,12,0,22,0,0,0,0,0,1,0,1,0,0,0,0,0,0,1
0,0,0,0,0,30,207,1,0,20,0,0,0,0,0,0,1,1,0,0,0,0,0,0,0
1,1,0,1,1,14,105,3,0,24,0,0,0,0,0,0,1,1,0,0,0,0,0,0,0
3,3,0,3,3,11,41,40,0,15,1,0,0,0,0,0,0,1,0,0,0,0,0,0,1
22,22,0,22,22,9,105,21,0,11,1,0,0,0,0,0,0,0,1,0,0,0,0,0,0
1,1,0,1,1,8,112,6,0,8,1,0,0,0,0,0,0,0,1,0,0,0,0,0,1
31,1,5,27,-4,63,36,33,0,10,0,0,0,0,0,1,0,0,1,0,0,0,0,0,1
70,8,32,62,-24,49,58,82,0,22,0,0,0,0,0,1,0,1,0,0,0,0,0,0,0
63,1,62,62,-61,44,132,161,0,24,0,0,0,0,0,1,0,1,0,0,0,0,0,0,0
33,0,1,33,-1,59,85,14,0,9,0,0,0,0,0,1,0,0,1,0,0,0,0,0,1
84,1,6,80,-5,65,134,17,0,2,0,0,0,0,0,1,0,0,1,0,0,0,0,0,1
57,4,6,53,-2,56,106,103,0,7,0,0,0,0,0,1,0,0,1,0,0,0,0,0,0
819,109,710,767,-601,40,63,74,0,23,0,0,0,0,0,1,0,1,0,0,0,0,0,0,0
87,1,39,86,-38,49,81,228,0,14,0,0,0,0,0,1,0,1,0,0,0,0,0,0,1
70,70,0,70,70,5,84,114,0,24,0,0,0,0,0,1,0,0,0,0,0,0,0,1,0
24,6,18,24,-12,28,48,17,0,24,0,0,0,0,0,1,0,1,0,0,0,0,0,0,0
87,1,21,84,-20,57,33,54,0,2,0,0,0,0,0,1,0,0,1,0,0,0,0,0,0
55,55,0,55,55,21,232,45,0,24,0,0,0,0,0,0,1,1,0,0,0,0,0,0,0
9,9,0,9,9,4,29,14,0,24,0,0,0,0,0,0,1,0,0,0,0,0,0,1,0
16,16,0,16,16,3,39,33,0,24,0,0,0,0,0,0,1,0,0,0,0,0,0,1,1
38,38,0,38,38,23,24,121,0,24,0,0,0,0,0,0,1,1,0,0,0,0,0,0,0
63,63,0,63,63,13,48,186,0,24,0,0,0,0,0,0,1,1,0,0,0,0,0,0,0
103,5,98,102,-93,36,82,360,0,8,0,0,0,0,0,0,1,0,1,0,0,0,0,0,0
118,1,117,118,-116,41,123,64,0,2,0,0,0,0,0,0,1,0,1,0,0,0,0,0,1
46,46,0,46,46,23,92,1,0,20,0,0,0,0,0,0,1,1,0,0,0,0,0,0,1
84,84,0,84,84,24,59,75,0,19,0,0,0,0,0,0,1,1,0,0,0,0,0,0,1
47,47,0,47,47,1,78,53,0,24,0,0,0,0,0,0,1,0,0,0,0,0,0,1,1
153,4,149,153,-145,31,37,12,0,10,0,0,0,0,0,0,1,0,1,0,0,0,0,0,0
46,6,40,46,-34,28,68,14,0,13,0,0,0,0,0,0,1,1,0,0,0,0,0,0,0
139,139,0,139,139,11,25,32,0,24,0,0,0,0,0,0,1,1,0,0,0,0,0,0,1
161,161,0,161,161,15,33,286,0,24,0,0,0,0,0,0,1,1,0,0,0,0,0,0,0
683,71,612,650,-541,39,49,65,0,1,0,0,0,0,0,0,1,0,1,0,0,0,0,0,1
211,211,0,211,211,19,33,96,0,21,0,0,0,0,0,0,1,1,0,0,0,0,0,0,0
135,135,0,135,135,4,23,468,0,24,0,0,0,0,0,0,1,0,0,0,0,0,0,1,0
87,87,0,87,87,17,48,5,0,22,0,0,0,0,0,0,1,1,0,0,0,0,0,0,1
191,191,0,191,191,5,80,27,0,24,0,0,0,0,0,0,1,1,0,0,0,0,0,0,1
183,183,0,183,183,10,27,13,0,24,0,0,0,0,0,0,1,1,0,0,0,0,0,0,0
46,46,0,46,46,6,38,81,0,24,1,0,0,0,0,0,0,1,0,0,0,0,0,0,0
55,55,0,55,55,22,76,288,0,11,1,0,0,0,0,0,0,1,0,0,0,0,0,0,0
124,124,0,124,124,11,75,21,0,21,1,0,0,0,0,0,0,1,0,0,0,0,0,0,1
99,33,66,99,-33,30,126,177,0,1,1,0,0,0,0,0,0,0,1,0,0,0,0,0,0
7,7,0,7,7,21,76,4,0,5,1,0,0,0,0,0,0,0,1,0,0,0,0,0,0
37,37,0,37,37,4,33,14,0,24,1,0,0,0,0,0,0,1,0,0,0,0,0,0,1
65,65,0,65,65,24,116,78,0,6,1,0,0,0,0,0,0,0,1,0,0,0,0,0,0
76,76,0,76,76,5,67,81,0,17,1,0,0,0,0,0,0,1,0,0,0,0,0,0,1
157,157,0,157,157,20,8,687,0,1,1,0,0,0,0,0,0,0,1,0,0,0,0,0,0
44,44,0,44,44,7,37,49,0,13,1,0,0,0,0,0,0,1,0,0,0,0,0,0,0
43,43,0,43,43,9,20,276,0,9,1,0,0,0,0,0,0,0,1,0,0,0,0,0,1
66,66,0,66,66,2,132,1015,0,16,1,0,0,0,0,0,0,1,0,0,0,0,0,0,0
26,26,0,26,26,9,59,1,0,7,1,0,0,0,0,0,0,0,1,0,0,0,0,0,1
142,142,0,142,142,4,34,21,0,11,1,0,0,0,0,0,0,1,0,0,0,0,0,0,0
62,62,0,62,62,4,77,73,0,10,1,0,0,0,0,0,0,0,1,0,0,0,0,0,1
38,38,0,38,38,5,69,19,0,9,1,0,0,0,0,0,0,0,1,0,0,0,0,0,1
0,0,0,0,0,0,122,14,0,12,1,0,0,0,0,0,0,1,0,0,0,0,0,0,0
76,76,0,76,76,2,46,255,0,8,0,1,0,0,0,0,0,0,1,0,0,0,0,0,1
16,16,0,16,16,4,371,25,0,3,0,1,0,0,0,0,0,0,1,0,0,0,0,0,1
11,11,0,11,11,1,50,2,0,1,0,1,0,0,0,0,0,0,1,0,0,0,0,0,0
11,11,0,11,11,2,45,4,0,3,0,1,0,0,0,0,0,0,1,0,0,0,0,0,0
0,0,0,0,0,0,11,146,0,6,0,1,0,0,0,0,0,0,1,0,0,0,0,0,0
55,12,43,53,-31,33,10,1,0,2,0,0,0,0,1,0,0,0,0,0,0,0,1,0,0
172,172,0,172,172,10,42,17,0,12,0,0,0,0,1,0,0,0,0,0,0,1,0,0,1
99,99,0,99,99,12,28,21,0,5,0,0,0,0,1,0,0,0,0,0,0,0,1,0,1
0,0,0,0,0,0,12,2,0,2,0,0,0,0,0,1,0,0,0,0,0,0,1,0,0
65,0,7,63,-7,58,12,18,0,13,0,0,0,0,0,1,0,1,0,0,0,0,0,0,0
17,17,0,17,17,17,26,30,0,24,0,0,0,0,0,1,0,0,0,0,0,0,0,1,1
26,2,24,26,-22,39,71,49,0,23,0,0,0,0,0,1,0,1,0,0,0,0,0,0,0
87,6,41,79,-35,53,19,3,0,3,0,0,0,0,0,0,1,0,1,0,0,0,0,0,0
37,37,0,37,37,2,130,11,0,24,1,0,0,0,0,0,0,1,0,0,0,0,0,0,0
52,52,0,52,52,20,24,11,0,9,1,0,0,0,0,0,0,0,1,0,0,0,0,0,0
0,0,0,0,0,0,69,17,0,22,1,0,0,0,0,0,0,1,0,0,0,0,0,0,1
133,133,0,133,133,7,27,18,0,10,1,0,0,0,0,0,0,0,1,0,0,0,0,0,0
12,12,0,12,12,2,226,17,0,14,0,0,0,0,1,0,0,0,0,0,0,1,0,0,0
0,0,0,0,0,0,206,68,0,3,0,0,0,0,0,1,0,0,0,0,0,0,1,0,0
49,24,25,43,-1,41,219,37,0,2,0,0,0,0,0,0,1,0,1,0,0,0,0,0,1
1,1,0,1,1,11,150,18,0,8,1,0,0,0,0,0,0,0,1,0,0,0,0,0,0
45,8,37,40,-29,45,29,1,0,24,0,0,0,0,0,1,0,1,0,0,0,0,0,0,0
16,0,5,14,-5,60,21,147,0,8,0,0,0,0,0,1,0,0,1,0,0,0,0,0,0
13,2,11,12,-9,38,104,341,0,24,0,0,0,0,0,1,0,1,0,0,0,0,0,0,0
0,0,0,0,0,45,75,1,0,22,0,0,0,0,0,1,0,1,0,0,0,0,0,0,0
0,0,0,0,0,13,75,1,0,24,0,0,0,0,0,1,0,0,0,0,0,0,0,1,1
0,0,0,0,0,1,9,4,0,24,0,0,0,0,0,1,0,0,0,0,0,0,1,0,1
4,0,2,3,-2,57,47,258,0,9,0,0,0,0,0,1,0,0,1,0,0,0,0,0,0
1,1,0,1,1,33,0,1,0,20,0,0,0,0,0,0,1,1,0,0,0,0,0,0,1
2,2,0,2,2,17,0,3,0,24,0,0,0,0,0,0,1,1,0,0,0,0,0,0,0
8,8,0,8,8,12,0,476,0,24,0,0,0,0,0,0,1,0,0,0,0,0,0,1,1
2,2,0,2,2,8,0,25,0,24,0,0,0,0,0,0,1,0,0,0,0,0,0,1,0
7,0,7,7,-7,47,0,17,0,4,0,0,0,0,0,0,1,0,1,0,0,0,0,0,0
3,3,0,3,3,8,0,3,0,24,0,0,0,0,0,0,1,0,0,0,0,0,0,1,0
2,2,0,2,2,17,0,1,0,24,0,0,0,0,0,0,1,1,0,0,0,0,0,0,0
3,3,0,3,3,3,6,21,0,24,0,0,0,0,0,0,1,0,0,0,0,0,0,1,0
4,3,1,4,2,30,36,5,0,13,0,0,0,0,0,0,1,1,0,0,0,0,0,0,1
3,3,0,3,3,11,0,2,0,18,1,0,0,0,0,0,0,1,0,0,0,0,0,0,0
0,0,0,0,0,3,74,77,0,24,1,0,0,0,0,0,0,1,0,0,0,0,0,0,0
2,2,0,2,2,7,22,2,0,15,1,0,0,0,0,0,0,1,0,0,0,0,0,0,1
0,0,0,0,0,0,51,48,0,22,1,0,0,0,0,0,0,1,0,0,0,0,0,0,0
3,3,0,3,3,2,32,3,0,20,1,0,0,0,0,0,0,1,0,0,0,0,0,0,0
5,5,0,5,5,5,0,39,0,16,1,0,0,0,0,0,0,1,0,0,0,0,0,0,0
5,5,0,5,5,9,13,67,0,12,1,0,0,0,0,0,0,1,0,0,0,0,0,0,1
15,15,0,15,15,13,24,156,0,6,1,0,0,0,0,0,0,0,1,0,0,0,0,0,0
113,26,87,103,-61,40,192,26,0,17,0,0,0,0,0,0,1,1,0,0,0,0,0,0,0
117,117,0,117,117,1,44,111,0,6,0,1,0,0,0,0,0,0,1,0,0,0,0,0,1
47,47,0,47,47,17,445,17,0,5,0,0,0,0,1,0,0,0,0,0,0,0,1,0,1
94,94,0,94,94,16,516,27,0,3,0,0,0,0,1,0,0,0,0,0,0,0,1,0,1
121,121,0,121,121,24,105,48,0,24,0,0,0,0,0,1,0,0,0,0,0,0,0,1,0
2,2,0,2,2,15,842,1,0,24,0,0,0,0,0,1,0,0,0,0,0,0,0,1,1
31,31,0,31,31,6,473,16,0,24,0,0,0,0,0,0,1,0,0,0,0,0,0,1,0
13,13,0,13,13,5,721,29,0,24,0,0,0,0,0,0,1,1,0,0,0,0,0,0,1
10,10,0,10,10,24,732,1,0,16,1,0,0,0,0,0,0,0,1,0,0,0,0,0,1
49,49,0,49,49,15,561,28,0,24,1,0,0,0,0,0,0,1,0,0,0,0,0,0,1
163,163,0,163,163,21,82,63,0,1,1,0,0,0,0,0,0,0,1,0,0,0,0,0,0
82,82,0,82,82,1,422,83,0,19,1,0,0,0,0,0,0,1,0,0,0,0,0,0,1
28,28,0,28,28,13,204,32,0,5,1,0,0,0,0,0,0,0,1,0,0,0,0,0,0
0,0,0,0,0,0,568,2,0,2,0,1,0,0,0,0,0,0,1,0,0,0,0,0,1
6,6,0,6,6,1,71,60,0,14,0,0,0,0,1,0,0,0,0,0,0,1,0,0,0
14,3,11,14,-8,28,91,73,0,24,0,0,0,0,0,1,0,1,0,0,0,0,0,0,1
15,9,6,15,3,27,70,117,0,16,0,0,0,0,0,0,1,0,1,0,0,0,0,0,1
6,6,0,6,6,7,92,32,0,12,1,0,0,0,0,0,0,0,1,0,0,0,0,0,1
14,14,0,14,14,5,132,25,0,24,0,0,0,0,1,0,0,0,0,0,0,1,0,0,1
0,0,0,0,0,0,344,96,0,2,0,0,0,0,0,1,0,0,0,0,0,0,1,0,1
0,0,0,0,0,0,110,77,0,1,0,0,0,0,0,1,0,0,0,0,0,0,1,0,1
43,43,0,43,43,2,117,35,0,12,1,0,0,0,0,0,0,1,0,0,0,0,0,0,0
28,28,0,28,28,1,65,16,0,3,0,1,0,0,0,0,0,0,1,0,0,0,0,0,0
0,0,0,0,0,0,41,27,0,0,0,1,0,0,0,0,0,0,1,0,0,0,0,0,0
1167,1167,0,1167,1167,20,188,7559,0,18,0,0,0,0,0,0,1,1,0,0,0,0,0,0,0
4,4,0,4,4,1,93,2,0,24,0,0,0,0,0,1,0,0,0,0,0,0,1,0,1
18,18,0,18,18,8,152,186,0,24,0,0,0,0,0,1,0,0,0,0,0,0,0,1,1
18,2,16,16,-14,34,63,29,0,24,0,0,0,0,0,1,0,1,0,0,0,0,0,0,1
4,4,0,4,4,13,74,2,0,24,0,0,0,0,0,1,0,0,0,0,0,0,0,1,1
2,0,0,2,0,58,132,3,0,4,0,0,0,0,0,1,0,0,1,0,0,0,0,0,1
194,48,146,168,-98,43,76,11,0,19,0,0,0,0,0,1,0,1,0,0,0,0,0,0,1
11,11,0,11,11,6,152,1,0,24,0,0,0,0,0,1,0,0,0,0,0,0,0,1,1
180,21,125,153,-104,49,71,12,0,12,0,0,0,0,0,1,0,1,0,0,0,0,0,0,1
5,5,0,5,5,4,149,15,0,24,0,0,0,0,0,1,0,0,0,0,0,0,0,1,1
148,57,91,131,-34,32,192,27,0,24,0,0,0,0,0,1,0,1,0,0,0,0,0,0,0
5,1,4,4,-3,39,178,2,0,22,0,0,0,0,0,1,0,1,0,0,0,0,0,0,0
14,2,12,13,-10,40,164,13,0,20,0,0,0,0,0,1,0,1,0,0,0,0,0,0,0
47,10,37,37,-27,45,158,54,0,15,0,0,0,0,0,1,0,1,0,0,0,0,0,0,1
8,1,4,7,-3,49,130,33,0,10,0,0,0,0,0,0,1,0,1,0,0,0,0,0,1
32,3,29,30,-26,42,120,4,0,18,0,0,0,0,0,1,0,1,0,0,0,0,0,0,1
76,9,47,65,-38,49,77,15,0,10,0,0,0,0,0,0,1,0,1,0,0,0,0,0,0
8,0,2,8,-2,55,148,2,0,4,0,0,0,0,0,1,0,0,1,0,0,0,0,0,0
19,19,0,19,19,13,71,402,0,24,0,0,0,0,0,0,1,0,0,0,0,0,0,1,0
79,23,56,63,-33,44,71,109,0,15,0,0,0,0,0,0,1,1,0,0,0,0,0,0,1
6,0,6,6,-6,33,83,3,0,24,0,0,0,0,0,0,1,1,0,0,0,0,0,0,0
7,0,2,7,-2,54,113,2,0,4,0,0,0,0,0,0,1,0,1,0,0,0,0,0,1
6,1,5,6,-4,47,178,2,0,11,0,0,0,0,0,0,1,0,1,0,0,0,0,0,0
12,12,0,12,12,13,105,12,0,24,0,0,0,0,0,0,1,0,0,0,0,0,0,1,0
158,11,93,137,-82,52,188,2,0,6,0,0,0,0,0,0,1,0,1,0,0,0,0,0,1
7,7,0,7,7,7,173,21,0,24,0,0,0,0,0,0,1,0,0,0,0,0,0,1,1
17,17,0,17,17,10,111,2,0,24,0,0,0,0,0,0,1,0,0,0,0,0,0,1,0
13,1,12,12,-11,39,136,27,0,18,0,0,0,0,0,0,1,1,0,0,0,0,0,0,0
17,4,13,16,-9,29,169,3,0,24,0,0,0,0,0,0,1,1,0,0,0,0,0,0,1
4,0,4,4,-4,25,162,3,0,24,0,0,0,0,0,0,1,1,0,0,0,0,0,0,1
26,15,11,25,4,25,192,12,0,24,0,0,0,0,0,0,1,1,0,0,0,0,0,0,0
1413,533,880,1260,-347,39,70,29,0,17,0,0,0,0,0,0,1,1,0,0,0,0,0,0,0
131,131,0,131,131,24,191,472,0,24,0,0,0,0,0,0,1,1,0,0,0,0,0,0,0
20,11,9,20,2,34,94,11,0,21,0,0,0,0,0,0,1,1,0,0,0,0,0,0,0
0,0,0,0,0,0,8,322,0,24,0,0,0,0,0,0,1,0,0,0,0,0,0,1,0
11,11,0,11,11,3,118,16,0,24,0,0,0,0,0,0,1,0,0,0,0,0,0,1,0
13,7,6,13,1,31,129,1,0,23,0,0,0,0,0,0,1,1,0,0,0,0,0,0,0
9,9,0,9,9,6,136,2,0,24,0,0,0,0,0,0,1,0,0,0,0,0,0,1,0
1759,1759,0,1759,1759,23,36,780,0,24,0,0,0,0,0,0,1,1,0,0,0,0,0,0,1
11,0,8,11,-8,50,155,14,0,3,0,0,0,0,0,0,1,0,1,0,0,0,0,0,1
14,4,10,12,-6,38,109,15,0,15,0,0,0,0,0,0,1,1,0,0,0,0,0,0,1
12,12,0,12,12,10,63,3,0,24,0,0,0,0,0,0,1,0,0,0,0,0,0,1,1
883,90,793,813,-703,45,72,20,0,7,0,0,0,0,0,0,1,0,1,0,0,0,0,0,0
109,7,102,102,-95,49,31,337,0,1,0,0,0,0,0,0,1,0,1,0,0,0,0,0,1
7,5,2,7,3,26,130,14,0,23,0,0,0,0,0,0,1,1,0,0,0,0,0,0,1
9,9,0,9,9,28,240,15,0,21,0,0,0,0,0,0,1,1,0,0,0,0,0,0,1
1,0,1,1,-1,33,224,1,0,16,0,0,0,0,0,0,1,1,0,0,0,0,0,0,1
5,5,0,5,5,9,182,18,0,24,0,0,0,0,0,0,1,0,0,0,0,0,0,1,0
56,37,19,53,18,29,239,53,0,20,0,0,0,0,0,0,1,1,0,0,0,0,0,0,1
0,0,0,0,0,3,157,22,0,24,0,0,0,0,0,0,1,0,0,0,0,0,0,1,1
22,10,12,21,-2,30,10,60,0,18,0,0,0,0,0,0,1,1,0,0,0,0,0,0,1
13,13,0,13,13,21,122,2,0,24,0,0,0,0,0,0,1,1,0,0,0,0,0,0,1
27,27,0,27,27,16,175,18,0,24,0,0,0,0,0,0,1,1,0,0,0,0,0,0,1
3,1,2,2,-1,45,8,3,0,2,0,0,0,0,0,0,1,0,1,0,0,0,0,0,0
9,9,0,9,9,15,74,1,0,24,0,0,0,0,0,0,1,1,0,0,0,0,0,0,0
11,11,0,11,11,14,119,15,0,24,0,0,0,0,0,0,1,1,0,0,0,0,0,0,0
5,0,5,5,-5,41,125,47,0,4,0,0,0,0,0,0,1,0,1,0,0,0,0,0,0
10,10,0,10,10,13,162,305,0,24,0,0,0,0,0,0,1,1,0,0,0,0,0,0,1
15,15,0,15,15,10,75,413,0,24,0,0,0,0,0,0,1,1,0,0,0,0,0,0,0
9,3,6,9,-3,28,169,2,0,16,0,0,0,0,0,0,1,1,0,0,0,0,0,0,0
23,5,18,22,-13,34,233,11,0,9,0,0,0,0,0,0,1,0,1,0,0,0,0,0,0
42,42,0,42,42,14,173,140,0,24,0,0,0,0,0,0,1,1,0,0,0,0,0,0,1
65,3,62,64,-59,42,169,19,0,1,0,0,0,0,0,0,1,0,1,0,0,0,0,0,1
5,0,5,5,-5,38,101,1,0,4,0,0,0,0,0,0,1,0,1,0,0,0,0,0,0
15,1,14,15,-13,39,7,54,0,3,0,0,0,0,0,0,1,0,1,0,0,0,0,0,1
25,3,22,24,-19,39,169,16,0,3,0,0,0,0,0,0,1,0,1,0,0,0,0,0,0
9,1,8,8,-7,39,180,1,0,2,0,0,0,0,0,0,1,0,1,0,0,0,0,0,0
32,10,22,29,-12,36,77,1,0,4,0,0,0,0,0,0,1,0,1,0,0,0,0,0,0
11,11,0,11,11,21,115,17,0,20,0,0,0,0,0,0,1,1,0,0,0,0,0,0,1
193,193,0,193,193,19,16,909,0,22,0,0,0,0,0,0,1,1,0,0,0,0,0,0,0
8,8,0,8,8,13,83,5,0,24,0,0,0,0,0,0,1,1,0,0,0,0,0,0,1
20,2,18,19,-16,39,122,2,0,1,0,0,0,0,0,0,1,0,1,0,0,0,0,0,1
16,6,10,16,-4,30,158,13,0,10,0,0,0,0,0,0,1,0,1,0,0,0,0,0,1
149,51,98,133,-47,34,190,2,0,5,0,0,0,0,0,0,1,0,1,0,0,0,0,0,0
5,2,3,5,-1,28,164,3,0,11,0,0,0,0,0,0,1,0,1,0,0,0,0,0,0
6,6,0,6,6,13,95,14,0,24,0,0,0,0,0,0,1,1,0,0,0,0,0,0,0
40,10,30,40,-20,28,119,49,0,10,0,0,0,0,0,0,1,0,1,0,0,0,0,0,0
10,3,7,10,-4,27,127,3,0,11,0,0,0,0,0,0,1,0,1,0,0,0,0,0,0
17,17,0,17,17,13,34,61,0,24,0,0,0,0,0,0,1,1,0,0,0,0,0,0,0
59,59,0,59,59,18,109,949,0,18,0,0,0,0,0,0,1,1,0,0,0,0,0,0,1
1455,1153,302,1401,851,26,29,71,0,12,0,0,0,0,0,0,1,1,0,0,0,0,0,0,1
15,3,12,15,-9,35,179,4,0,2,0,0,0,0,0,0,1,0,1,0,0,0,0,0,0
9,4,5,9,-1,28,97,19,0,9,0,0,0,0,0,0,1,0,1,0,0,0,0,0,1
4,0,4,4,-4,35,109,3,0,2,0,0,0,0,0,0,1,0,1,0,0,0,0,0,0
1288,1288,0,1288,1288,19,41,106,0,18,0,0,0,0,0,0,1,1,0,0,0,0,0,0,0
1,0,1,1,-1,27,139,15,0,9,0,0,0,0,0,0,1,0,1,0,0,0,0,0,1
114,114,0,114,114,23,148,135,0,13,0,0,0,0,0,0,1,1,0,0,0,0,0,0,1
10,2,8,10,-6,27,106,11,0,9,0,0,0,0,0,0,1,0,1,0,0,0,0,0,1
13,13,0,13,13,24,119,11,0,11,0,0,0,0,0,0,1,1,0,0,0,0,0,0,0
16,16,0,16,16,16,108,15,0,19,1,0,0,0,0,0,0,1,0,0,0,0,0,0,1
21,21,0,21,21,14,114,14,0,21,1,0,0,0,0,0,0,1,0,0,0,0,0,0,1
0,0,0,0,0,0,56,59,0,24,1,0,0,0,0,0,0,1,0,0,0,0,0,0,1
68,68,0,68,68,12,132,139,0,22,1,0,0,0,0,0,0,1,0,0,0,0,0,0,1
13,13,0,13,13,22,101,11,0,12,1,0,0,0,0,0,0,1,0,0,0,0,0,0,1
33,33,0,33,33,13,108,33,0,21,1,0,0,0,0,0,0,1,0,0,0,0,0,0,0
37,37,0,37,37,11,66,116,0,23,1,0,0,0,0,0,0,1,0,0,0,0,0,0,1
0,0,0,0,0,0,145,22,0,24,1,0,0,0,0,0,0,1,0,0,0,0,0,0,0
23,23,0,23,23,13,163,155,0,20,1,0,0,0,0,0,0,1,0,0,0,0,0,0,0
95,95,0,95,95,24,160,69,0,9,1,0,0,0,0,0,0,0,1,0,0,0,0,0,1
0,0,0,0,0,0,19,160,0,24,1,0,0,0,0,0,0,1,0,0,0,0,0,0,1
1,1,0,1,1,9,184,3,0,23,1,0,0,0,0,0,0,1,0,0,0,0,0,0,0
87,87,0,87,87,13,200,61,0,19,1,0,0,0,0,0,0,1,0,0,0,0,0,0,1
81,81,0,81,81,10,36,75,0,22,1,0,0,0,0,0,0,1,0,0,0,0,0,0,1
10,10,0,10,10,13,212,37,0,19,1,0,0,0,0,0,0,1,0,0,0,0,0,0,1
84,42,42,82,0,30,199,133,0,2,1,0,0,0,0,0,0,0,1,0,0,0,0,0,1
193,193,0,193,193,10,19,5,0,22,1,0,0,0,0,0,0,1,0,0,0,0,0,0,1
9,9,0,9,9,7,168,1,0,24,1,0,0,0,0,0,0,1,0,0,0,0,0,0,0
63,63,0,63,63,12,27,303,0,19,1,0,0,0,0,0,0,1,0,0,0,0,0,0,0
8,8,0,8,8,2,169,3,0,24,1,0,0,0,0,0,0,1,0,0,0,0,0,0,0
0,0,0,0,0,0,213,15,0,24,1,0,0,0,0,0,0,1,0,0,0,0,0,0,0
26,26,0,26,26,15,169,5,0,14,1,0,0,0,0,0,0,1,0,0,0,0,0,0,1
4,4,0,4,4,2,160,2,0,24,1,0,0,0,0,0,0,1,0,0,0,0,0,0,1
1833,1833,0,1833,1833,19,24,38,0,9,1,0,0,0,0,0,0,0,1,0,0,0,0,0,0
315,315,0,315,315,24,30,1,0,4,1,0,0,0,0,0,0,0,1,0,0,0,0,0,1
559,559,0,559,559,20,52,4,0,8,1,0,0,0,0,0,0,0,1,0,0,0,0,0,1
860,860,0,860,860,24,32,18,0,3,1,0,0,0,0,0,0,0,1,0,0,0,0,0,1
1723,1714,9,1722,1705,25,48,39,0,1,1,0,0,0,0,0,0,0,1,0,0,0,0,0,0
1381,1381,0,1381,1381,19,52,37,0,6,1,0,0,0,0,0,0,0,1,0,0,0,0,0,1
3,3,0,3,3,21,130,3,0,3,1,0,0,0,0,0,0,0,1,0,0,0,0,0,0
5,5,0,5,5,13,119,1,0,11,1,0,0,0,0,0,0,0,1,0,0,0,0,0,0
667,667,0,667,667,19,61,24,0,5,1,0,0,0,0,0,0,0,1,0,0,0,0,0,1
2,2,0,2,2,3,114,92,0,20,1,0,0,0,0,0,0,1,0,0,0,0,0,0,0
6,6,0,6,6,9,114,1,0,13,1,0,0,0,0,0,0,1,0,0,0,0,0,0,1
1,1,0,1,1,4,148,1,0,18,1,0,0,0,0,0,0,1,0,0,0,0,0,0,1
0,0,0,0,0,1,162,2,0,21,1,0,0,0,0,0,0,1,0,0,0,0,0,0,0
0,0,0,0,0,0,179,97,0,21,1,0,0,0,0,0,0,1,0,0,0,0,0,0,1
29,29,0,29,29,15,147,128,0,6,1,0,0,0,0,0,0,0,1,0,0,0,0,0,1
747,747,0,747,747,5,24,51,0,16,1,0,0,0,0,0,0,1,0,0,0,0,0,0,1
7,7,0,7,7,10,135,1,0,11,1,0,0,0,0,0,0,0,1,0,0,0,0,0,0
327,327,0,327,327,1,52,46,0,20,1,0,0,0,0,0,0,1,0,0,0,0,0,0,0
161,161,0,161,161,13,142,84,0,7,1,0,0,0,0,0,0,0,1,0,0,0,0,0,1
14,14,0,14,14,4,155,16,0,16,1,0,0,0,0,0,0,1,0,0,0,0,0,0,0
26,26,0,26,26,6,129,42,0,14,1,0,0,0,0,0,0,1,0,0,0,0,0,0,0
2160,2160,0,2160,2160,18,37,63,0,2,1,0,0,0,0,0,0,0,1,0,0,0,0,0,1
29,29,0,29,29,14,60,25,0,5,1,0,0,0,0,0,0,0,1,0,0,0,0,0,0
18,18,0,18,18,13,126,2,0,6,1,0,0,0,0,0,0,0,1,0,0,0,0,0,1
0,0,0,0,0,0,84,4,0,19,1,0,0,0,0,0,0,1,0,0,0,0,0,0,0
2137,2137,0,2137,2137,9,60,98,0,10,1,0,0,0,0,0,0,0,1,0,0,0,0,0,1
23,23,0,23,23,16,108,2,0,2,1,0,0,0,0,0,0,0,1,0,0,0,0,0,0
9,9,0,9,9,4,105,29,0,14,1,0,0,0,0,0,0,1,0,0,0,0,0,0,1
0,0,0,0,0,1,164,3,0,17,1,0,0,0,0,0,0,1,0,0,0,0,0,0,0
1,1,0,1,1,1,53,63,0,17,1,0,0,0,0,0,0,1,0,0,0,0,0,0,1
28,28,0,28,28,5,71,38,0,12,1,0,0,0,0,0,0,1,0,0,0,0,0,0,1
1,1,0,1,1,2,179,3,0,3,0,1,0,0,0,0,0,0,1,0,0,0,0,0,1
1,1,0,1,1,2,147,3,0,4,0,1,0,0,0,0,0,0,1,0,0,0,0,0,1
128,128,0,128,128,15,107,47,0,2,1,0,0,0,0,0,0,0,1,0,0,0,0,0,1
62,62,0,62,62,10,159,14,0,7,1,0,0,0,0,0,0,0,1,0,0,0,0,0,1
146,146,0,146,146,13,96,213,0,4,1,0,0,0,0,0,0,0,1,0,0,0,0,0,1
7,7,0,7,7,14,128,2,0,2,1,0,0,0,0,0,0,0,1,0,0,0,0,0,1
10,10,0,10,10,6,80,4,0,10,1,0,0,0,0,0,0,0,1,0,0,0,0,0,0
0,0,0,0,0,0,128,6,0,16,1,0,0,0,0,0,0,1,0,0,0,0,0,0,0
421,421,0,421,421,3,17,16,0,13,1,0,0,0,0,0,0,1,0,0,0,0,0,0,1
15,15,0,15,15,13,109,2,0,2,1,0,0,0,0,0,0,0,1,0,0,0,0,0,0
0,0,0,0,0,4,201,1,0,11,1,0,0,0,0,0,0,0,1,0,0,0,0,0,0
0,0,0,0,0,6,117,5,0,9,1,0,0,0,0,0,0,0,1,0,0,0,0,0,1
47,47,0,47,47,12,124,17,0,2,1,0,0,0,0,0,0,0,1,0,0,0,0,0,1
7,7,0,7,7,11,103,1,0,3,1,0,0,0,0,0,0,0,1,0,0,0,0,0,0
7,7,0,7,7,5,172,24,0,9,1,0,0,0,0,0,0,0,1,0,0,0,0,0,1
31,31,0,31,31,7,134,78,0,6,1,0,0,0,0,0,0,0,1,0,0,0,0,0,0
30,30,0,30,30,12,130,22,0,1,1,0,0,0,0,0,0,0,1,0,0,0,0,0,0
37,37,0,37,37,12,117,38,0,1,1,0,0,0,0,0,0,0,1,0,0,0,0,0,0
16,16,0,16,16,9,66,27,0,4,1,0,0,0,0,0,0,0,1,0,0,0,0,0,0
8,8,0,8,8,9,155,3,0,3,1,0,0,0,0,0,0,0,1,0,0,0,0,0,0
0,0,0,0,0,0,139,30,0,11,1,0,0,0,0,0,0,1,0,0,0,0,0,0,1
7,7,0,7,7,10,158,5,0,1,1,0,0,0,0,0,0,0,1,0,0,0,0,0,1
17,17,0,17,17,10,118,4,0,1,0,1,0,0,0,0,0,0,1,0,0,0,0,0,1
22,22,0,22,22,4,135,77,0,7,0,1,0,0,0,0,0,0,1,0,0,0,0,0,1
9,9,0,9,9,7,167,1,0,4,0,1,0,0,0,0,0,0,1,0,0,0,0,0,0
11,11,0,11,11,5,167,2,0,5,0,1,0,0,0,0,0,0,1,0,0,0,0,0,0
2,2,0,2,2,3,213,1,0,7,0,1,0,0,0,0,0,0,1,0,0,0,0,0,1
0,0,0,0,0,0,232,2,0,10,0,1,0,0,0,0,0,0,1,0,0,0,0,0,0
21,21,0,21,21,9,191,68,0,1,0,1,0,0,0,0,0,0,1,0,0,0,0,0,1
13,13,0,13,13,8,121,2,0,2,0,1,0,0,0,0,0,0,1,0,0,0,0,0,1
0,0,0,0,0,0,142,3,0,10,0,1,0,0,0,0,0,0,1,0,0,0,0,0,1
11,11,0,11,11,7,103,49,0,2,0,1,0,0,0,0,0,0,1,0,0,0,0,0,0
8,8,0,8,8,2,130,16,0,7,0,1,0,0,0,0,0,0,1,0,0,0,0,0,1
0,0,0,0,0,0,179,14,0,9,0,1,0,0,0,0,0,0,1,0,0,0,0,0,1
30,30,0,30,30,6,190,20,0,2,0,1,0,0,0,0,0,0,1,0,0,0,0,0,1
41,41,0,41,41,2,199,52,0,6,0,1,0,0,0,0,0,0,1,0,0,0,0,0,1
5,5,0,5,5,3,89,5,0,5,0,1,0,0,0,0,0,0,1,0,0,0,0,0,1
0,0,0,0,0,0,56,2,0,8,0,1,0,0,0,0,0,0,1,0,0,0,0,0,1
11,11,0,11,11,5,130,14,0,2,0,1,0,0,0,0,0,0,1,0,0,0,0,0,1
1,1,0,1,1,5,164,2,0,2,0,1,0,0,0,0,0,0,1,0,0,0,0,0,0
9,9,0,9,9,1,107,1,0,6,0,1,0,0,0,0,0,0,1,0,0,0,0,0,0
62,62,0,62,62,4,81,22,0,3,0,1,0,0,0,0,0,0,1,0,0,0,0,0,0
29,29,0,29,29,2,142,1,0,4,0,1,0,0,0,0,0,0,1,0,0,0,0,0,1
0,0,0,0,0,0,81,13,0,6,0,1,0,0,0,0,0,0,1,0,0,0,0,0,1
5,5,0,5,5,1,126,2,0,4,0,1,0,0,0,0,0,0,1,0,0,0,0,0,1
0,0,0,0,0,0,145,1,0,4,0,1,0,0,0,0,0,0,1,0,0,0,0,0,0
21,21,0,21,21,2,165,2,0,2,0,1,0,0,0,0,0,0,1,0,0,0,0,0,1
0,0,0,0,0,0,54,1,0,2,0,1,0,0,0,0,0,0,1,0,0,0,0,0,1
42,42,0,42,42,1,54,1,0,1,0,1,0,0,0,0,0,0,1,0,0,0,0,0,1
0,0,0,0,0,0,113,2,0,1,0,1,0,0,0,0,0,0,1,0,0,0,0,0,1
0,0,0,0,0,0,121,2,0,1,0,1,0,0,0,0,0,0,1,0,0,0,0,0,1
0,0,0,0,0,0,138,1,0,1,0,1,0,0,0,0,0,0,1,0,0,0,0,0,0
0,0,0,0,0,0,8,1,0,1,0,1,0,0,0,0,0,0,1,0,0,0,0,0,0
0,0,0,0,0,0,134,1,0,0,0,1,0,0,0,0,0,0,1,0,0,0,0,0,0
0,0,0,0,0,0,156,1,0,0,0,1,0,0,0,0,0,0,1,0,0,0,0,0,0
20,20,0,20,20,23,30,1,0,24,0,0,0,0,1,0,0,0,0,0,0,0,1,0,1
8,0,4,8,-4,52,25,1,0,24,0,0,0,0,1,0,0,1,0,0,0,0,0,0,0
16,16,0,16,16,22,25,1,0,24,0,0,0,0,0,1,0,0,0,0,0,0,0,1,1
230,230,0,230,230,8,193,460,0,17,0,0,0,0,1,0,0,0,0,0,0,1,0,0,1
110,110,0,110,110,8,0,181,0,9,0,0,0,0,1,0,0,0,0,0,0,0,1,0,1
239,239,0,239,239,1,194,184,0,2,0,0,0,0,0,1,0,0,0,0,0,0,1,0,0
0,0,0,0,0,0,152,21,0,0,0,1,0,0,0,0,0,0,1,0,0,0,0,0,1
215,215,0,215,215,22,50,37,0,24,0,0,0,0,0,1,0,0,0,0,0,0,0,1,1
2,0,2,2,-2,32,124,1,0,3,0,0,0,0,1,0,0,0,0,0,0,0,1,0,1
238,238,0,238,238,7,31,1955,0,24,0,0,0,0,1,0,0,0,0,0,0,1,0,0,1
292,292,0,292,292,16,109,1000,0,12,0,0,0,0,1,0,0,0,0,0,0,0,1,0,0
119,119,0,119,119,15,71,302,0,12,0,0,0,0,1,0,0,0,0,0,0,0,1,0,1
49,49,0,49,49,3,95,144,0,15,0,0,0,0,1,0,0,0,0,0,0,1,0,0,0
92,92,0,92,92,3,158,142,0,13,0,0,0,0,1,0,0,0,0,0,0,1,0,0,0
220,220,0,220,220,3,95,1032,0,8,0,0,0,0,0,1,0,0,0,0,0,0,1,0,0
188,188,0,188,188,8,119,447,0,2,0,0,0,0,0,1,0,0,0,0,0,0,1,0,0
48,48,0,48,48,3,73,99,0,4,0,0,0,0,0,1,0,0,0,0,0,0,1,0,1
142,142,0,142,142,19,116,283,0,24,0,0,0,0,0,1,0,0,0,0,0,0,0,1,1
293,5,288,290,-283,39,121,179,0,24,0,0,0,0,0,1,0,1,0,0,0,0,0,0,0
43,3,27,40,-24,49,100,182,0,13,0,0,0,0,0,0,1,0,1,0,0,0,0,0,1
225,13,212,221,-199,37,85,66,0,19,0,0,0,0,0,0,1,1,0,0,0,0,0,0,0
11,11,0,11,11,13,151,3,0,24,0,0,0,0,0,0,1,1,0,0,0,0,0,0,1
361,262,99,361,163,26,159,240,0,18,0,0,0,0,0,0,1,1,0,0,0,0,0,0,0
210,57,153,208,-96,28,132,518,0,15,0,0,0,0,0,0,1,0,1,0,0,0,0,0,1
147,27,120,138,-93,37,295,1109,0,1,1,0,0,0,0,0,0,0,1,0,0,0,0,0,1
144,144,0,144,144,19,113,803,0,12,1,0,0,0,0,0,0,0,1,0,0,0,0,0,0
172,172,0,172,172,14,92,518,0,16,1,0,0,0,0,0,0,0,1,0,0,0,0,0,0
58,58,0,58,58,1,141,287,0,21,1,0,0,0,0,0,0,1,0,0,0,0,0,0,0
407,407,0,407,407,12,144,112,0,8,1,0,0,0,0,0,0,0,1,0,0,0,0,0,0
86,86,0,86,86,14,83,346,0,4,1,0,0,0,0,0,0,0,1,0,0,0,0,0,0
357,357,0,357,357,13,67,62,0,1,0,1,0,0,0,0,0,0,1,0,0,0,0,0,0
0,0,0,0,0,2,176,11,0,24,0,0,0,0,1,0,0,0,0,0,0,1,0,0,1
22,22,0,22,22,15,272,4,0,24,0,0,0,0,0,0,1,0,0,0,0,0,0,1,0
32,32,0,32,32,5,176,39,0,24,1,0,0,0,0,0,0,1,0,0,0,0,0,0,1
9,9,0,9,9,8,149,2,0,4,1,0,0,0,0,0,0,0,1,0,0,0,0,0,0
55,3,12,50,-9,58,180,45,0,15,0,0,0,0,0,1,0,0,1,0,0,0,0,0,1
69,69,0,69,69,22,230,73,0,24,0,0,0,0,0,0,1,1,0,0,0,0,0,0,1
71,17,30,52,-13,52,260,48,0,10,0,0,0,0,0,0,1,0,1,0,0,0,0,0,0
18,2,7,15,-5,54,203,177,0,11,0,0,0,0,0,1,0,0,1,0,0,0,0,0,0
52,52,0,52,52,6,21,64,0,2,0,1,0,0,0,0,0,0,1,0,0,0,0,0,0
0,0,0,0,0,0,29,322,0,3,0,1,0,0,0,0,0,0,1,0,0,0,0,0,0
68,68,0,68,68,14,94,2,0,9,1,0,0,0,0,0,0,0,1,0,0,0,0,0,1
19,19,0,19,19,3,104,4,0,19,0,1,0,0,0,0,0,0,1,0,0,0,0,0,0
28,28,0,28,28,9,103,1,0,13,0,1,0,0,0,0,0,0,1,0,0,0,0,0,1
23,23,0,23,23,18,130,1,0,3,0,1,0,0,0,0,0,0,1,0,0,0,0,0,0
1173,1173,0,1173,1173,8,51,70,0,17,1,0,0,0,0,0,0,0,1,0,0,0,0,0,1
74,74,0,74,74,22,29,61,0,3,1,0,0,0,0,0,0,0,1,0,0,0,0,0,0
216,216,0,216,216,20,44,828,0,3,1,0,0,0,0,0,0,0,1,0,0,0,0,0,1
0,0,0,0,0,0,123,2,0,9,0,1,0,0,0,0,0,0,1,0,0,0,0,0,1
95,95,0,95,95,6,17,31,0,13,0,1,0,0,0,0,0,0,1,0,0,0,0,0,0
221,221,0,221,221,17,29,5,0,1,0,1,0,0,0,0,0,0,1,0,0,0,0,0,1
641,641,0,641,641,15,48,57,0,2,0,1,0,0,0,0,0,0,1,0,0,0,0,0,0
62,62,0,62,62,1,83,72,0,15,0,1,0,0,0,0,0,0,1,0,0,0,0,0,0
32,32,0,32,32,2,45,34,0,14,0,1,0,0,0,0,0,0,1,0,0,0,0,0,1
366,366,0,366,366,5,9,96,0,8,0,1,0,0,0,0,0,0,1,0,0,0,0,0,1
72,72,0,72,72,4,17,111,0,7,0,1,0,0,0,0,0,0,1,0,0,0,0,0,0
59,59,0,59,59,4,14,24,0,7,0,1,0,0,0,0,0,0,1,0,0,0,0,0,1
41,41,0,41,41,1,155,3,0,9,0,1,0,0,0,0,0,0,1,0,0,0,0,0,1
173,173,0,173,173,9,16,3,0,1,0,1,0,0,0,0,0,0,1,0,0,0,0,0,1
110,110,0,110,110,4,0,1,0,5,0,1,0,0,0,0,0,0,1,0,0,0,0,0,1
96,96,0,96,96,2,17,11,0,5,0,1,0,0,0,0,0,0,1,0,0,0,0,0,1
54,54,0,54,54,3,126,1,0,3,0,1,0,0,0,0,0,0,1,0,0,0,0,0,0
72,72,0,72,72,2,21,101,0,4,0,1,0,0,0,0,0,0,1,0,0,0,0,0,0
0,0,0,0,0,0,12,140,0,3,0,1,0,0,0,0,0,0,1,0,0,0,0,0,1
7,7,0,7,7,1,0,4,0,1,0,1,0,0,0,0,0,0,1,0,0,0,0,0,0
0,0,0,0,0,0,128,1,0,1,0,1,0,0,0,0,0,0,1,0,0,0,0,0,0
0,0,0,0,0,0,85,1,0,0,0,1,0,0,0,0,0,0,1,0,0,0,0,0,1
20,20,0,20,20,10,0,176,0,24,0,0,0,0,1,0,0,0,0,0,0,1,0,0,0
94,94,0,94,94,24,0,34,0,24,0,0,0,0,0,1,0,0,0,0,0,0,0,1,0
30,3,27,29,-24,37,316,126,0,9,0,0,0,0,0,0,1,0,1,0,0,0,0,0,1
24,8,16,23,-8,31,0,101,0,8,0,0,0,0,0,0,1,0,1,0,0,0,0,0,1
679,679,0,679,679,18,0,22,0,3,1,0,0,0,0,0,0,0,1,0,0,0,0,0,0
0,0,0,0,0,22,222,3,0,2,0,0,0,0,1,0,0,0,0,0,0,0,1,0,1
0,0,0,0,0,0,140,2,0,24,0,0,0,0,0,1,0,0,0,0,0,0,1,0,1
0,0,0,0,0,49,279,3,0,15,0,0,0,0,0,1,0,1,0,0,0,0,0,0,0
0,0,0,0,0,46,69,3,0,2,0,0,0,0,0,0,1,0,1,0,0,0,0,0,1
1,1,0,1,1,3,124,3,0,21,1,0,0,0,0,0,0,1,0,0,0,0,0,0,1
1,1,0,1,1,7,0,1,0,11,0,0,0,0,1,0,0,0,0,0,0,1,0,0,0
2,0,2,2,-2,35,37,1,0,4,0,0,0,0,0,0,1,0,1,0,0,0,0,0,1
67,67,0,67,67,2,325,3,0,22,0,0,0,0,1,0,0,0,0,0,0,1,0,0,0
1352,1352,0,1352,1352,9,0,116,0,4,0,0,0,0,1,0,0,0,0,0,0,0,1,0,0
0,0,0,0,0,0,30,5,0,1,0,0,0,0,0,1,0,0,0,0,0,0,1,0,1
155,17,41,132,-24,55,110,28,0,8,0,0,0,0,0,1,0,0,1,0,0,0,0,0,1
1543,158,1385,1414,-1227,46,0,163,0,2,0,0,0,0,0,0,1,0,1,0,0,0,0,0,1
65,65,0,65,65,2,85,2,0,24,0,0,0,0,0,0,1,0,0,0,0,0,0,1,0
396,396,0,396,396,10,0,70,0,13,1,0,0,0,0,0,0,1,0,0,0,0,0,0,0
0,0,0,0,0,0,30,73,0,13,1,0,0,0,0,0,0,1,0,0,0,0,0,0,1
0,0,0,0,0,0,28,22,0,2,0,1,0,0,0,0,0,0,1,0,0,0,0,0,0
0,0,0,0,0,0,50,65,0,0,0,0,0,0,0,1,0,0,0,0,0,0,1,0,0
402,54,348,363,-294,45,92,101,0,16,0,0,0,0,0,1,0,1,0,0,0,0,0,0,1
1460,1460,0,1460,1460,22,81,323,0,24,0,0,0,0,0,0,1,1,0,0,0,0,0,0,0
0,0,0,0,0,0,57,73,0,1,0,1,0,0,0,0,0,0,1,0,0,0,0,0,0
0,0,0,0,0,18,184,1,0,24,0,0,0,0,0,0,1,1,0,0,0,0,0,0,1
9,8,1,7,7,35,81,88,0,3,0,0,0,0,0,0,1,0,1,0,0,0,0,0,1
3,3,0,3,3,18,24,116,0,20,0,0,0,0,0,0,1,1,0,0,0,0,0,0,1
15,2,10,13,-8,53,346,22,0,24,0,0,0,0,1,0,0,0,0,0,0,0,0,1,1
22,22,0,22,22,18,46,16,0,24,0,0,0,0,1,0,0,0,0,0,0,0,1,0,1
29,2,5,25,-3,62,121,20,0,24,0,0,0,0,1,0,0,1,0,0,0,0,0,0,0
20,20,0,20,20,11,73,41,0,24,0,0,0,0,0,1,0,0,0,0,0,0,1,0,1
31,1,3,30,-2,64,117,3,0,7,0,0,0,0,0,1,0,0,1,0,0,0,0,0,0
3,3,0,3,3,8,162,3,0,24,0,0,0,0,0,0,1,0,0,0,0,0,0,1,0
4,4,0,4,4,1,222,47,0,24,0,0,0,0,0,0,1,1,0,0,0,0,0,0,0
0,0,0,0,0,0,42,15,0,1,0,1,0,0,0,0,0,0,1,0,0,0,0,0,0
26,15,11,26,4,25,120,4,0,24,0,0,0,0,1,0,0,0,0,0,0,0,1,0,0
189,107,82,183,25,38,215,113,0,24,0,0,0,0,1,0,0,0,0,0,0,0,1,0,0
58,0,5,54,-5,70,592,16,0,24,0,0,0,0,1,0,0,1,0,0,0,0,0,0,0
0,0,0,0,0,47,106,2,0,24,0,0,0,0,1,0,0,0,0,0,0,0,0,1,0
16,0,2,15,-2,60,174,2,0,24,0,0,0,0,1,0,0,1,0,0,0,0,0,0,0
3,3,0,3,3,2,238,2,0,24,0,0,0,0,1,0,0,0,0,0,0,1,0,0,0
29,29,0,29,29,1,122,72,0,24,0,0,0,0,1,0,0,0,0,0,0,1,0,0,0
149,149,0,149,149,11,204,50,0,24,0,0,0,0,1,0,0,0,0,0,0,0,1,0,0
8,4,4,8,0,26,179,2,0,24,0,0,0,0,1,0,0,0,0,0,0,0,1,0,1
3,0,0,3,0,57,251,2,0,24,0,0,0,0,0,1,0,1,0,0,0,0,0,0,0
54,2,10,51,-8,56,192,2,0,17,0,0,0,0,0,1,0,1,0,0,0,0,0,0,1
7,7,0,7,7,13,117,4,0,24,0,0,0,0,0,1,0,0,0,0,0,0,0,1,1
12,12,0,12,12,23,211,12,0,24,0,0,0,0,0,1,0,0,0,0,0,0,0,1,1
7,2,5,5,-3,40,130,15,0,24,0,0,0,0,0,1,0,1,0,0,0,0,0,0,1
8,8,0,8,8,6,192,1,0,24,0,0,0,0,0,1,0,0,0,0,0,0,0,1,1
0,0,0,0,0,4,293,1,0,24,0,0,0,0,0,1,0,0,0,0,0,0,0,1,1
2,2,0,2,2,18,198,2,0,24,0,0,0,0,0,0,1,1,0,0,0,0,0,0,1
42,2,40,40,-38,37,447,61,0,12,0,0,0,0,0,0,1,0,1,0,0,0,0,0,0
29,1,28,29,-27,28,242,6,0,20,0,0,0,0,0,0,1,1,0,0,0,0,0,0,1
27,27,0,27,27,22,132,13,0,24,0,0,0,0,0,0,1,1,0,0,0,0,0,0,1
3,3,0,3,3,9,96,2,0,24,0,0,0,0,0,0,1,1,0,0,0,0,0,0,0
18,18,0,18,18,21,118,4,0,24,0,0,0,0,0,0,1,1,0,0,0,0,0,0,0
34,34,0,34,34,19,121,18,0,24,0,0,0,0,0,0,1,1,0,0,0,0,0,0,1
44,44,0,44,44,20,100,5,0,24,0,0,0,0,0,0,1,1,0,0,0,0,0,0,0
33,33,0,33,33,8,163,1,0,15,1,0,0,0,0,0,0,0,1,0,0,0,0,0,1
4,4,0,4,4,13,230,1,0,10,1,0,0,0,0,0,0,0,1,0,0,0,0,0,0
5,5,0,5,5,4,54,1,0,18,1,0,0,0,0,0,0,1,0,0,0,0,0,0,0
3,3,0,3,3,13,47,1,0,8,1,0,0,0,0,0,0,0,1,0,0,0,0,0,1
10,10,0,10,10,3,43,2,0,18,1,0,0,0,0,0,0,1,0,0,0,0,0,0,0
11,11,0,11,11,3,29,2,0,17,1,0,0,0,0,0,0,1,0,0,0,0,0,0,0
21,21,0,21,21,9,126,1,0,11,1,0,0,0,0,0,0,0,1,0,0,0,0,0,0
0,0,0,0,0,0,42,2,0,19,1,0,0,0,0,0,0,1,0,0,0,0,0,0,1
5,5,0,5,5,16,37,2,0,2,1,0,0,0,0,0,0,0,1,0,0,0,0,0,1
1,1,0,1,1,6,128,1,0,12,1,0,0,0,0,0,0,0,1,0,0,0,0,0,1
973,973,0,973,973,10,0,245,0,16,0,0,0,0,1,0,0,0,0,0,0,1,0,0,0
444,444,0,444,444,1,172,346,0,24,0,0,0,0,0,1,0,0,0,0,0,0,1,0,1
970,970,0,970,970,3,27,82,0,21,1,0,0,0,0,0,0,1,0,0,0,0,0,0,1
3,3,0,3,3,12,292,4,0,6,1,0,0,0,0,0,0,0,1,0,0,0,0,0,1
0,0,0,0,0,4,292,1,0,14,1,0,0,0,0,0,0,0,1,0,0,0,0,0,0
0,0,0,0,0,11,292,1,0,7,1,0,0,0,0,0,0,0,1,0,0,0,0,0,1
1,1,0,1,1,11,292,1,0,7,1,0,0,0,0,0,0,0,1,0,0,0,0,0,1
2,2,0,2,2,13,292,1,0,5,1,0,0,0,0,0,0,0,1,0,0,0,0,0,1
34,22,12,34,10,26,286,3,0,4,0,0,0,0,1,0,0,0,0,0,0,0,1,0,0
0,0,0,0,0,0,155,1,0,0,0,0,0,0,0,1,0,0,0,0,0,0,1,0,0
135,135,0,135,135,13,81,29,0,24,0,0,0,0,0,1,0,0,0,0,0,0,0,1,1
34,34,0,34,34,2,182,3,0,24,1,0,0,0,0,0,0,1,0,0,0,0,0,0,0
69,69,0,69,69,11,35,11,0,3,1,0,0,0,0,0,0,0,1,0,0,0,0,0,1
32,32,0,32,32,2,356,11,0,1,0,1,0,0,0,0,0,0,1,0,0,0,0,0,0
4,4,0,4,4,24,86,5,0,24,0,0,0,0,1,0,0,0,0,0,0,0,1,0,1
34,13,21,31,-8,35,27,53,0,24,0,0,0,0,1,0,0,0,0,0,0,0,0,1,1
13,1,8,12,-7,52,23,57,0,21,0,0,0,0,0,1,0,1,0,0,0,0,0,0,1
17,0,17,17,-17,43,117,17,0,6,0,0,0,0,0,0,1,0,1,0,0,0,0,0,1
19,19,0,19,19,11,60,42,0,24,0,0,0,0,0,0,1,1,0,0,0,0,0,0,0
11,11,0,11,11,3,95,64,0,20,1,0,0,0,0,0,0,1,0,0,0,0,0,0,1
125,32,93,123,-61,28,160,326,0,8,0,0,0,0,1,0,0,0,0,0,0,0,1,0,1
87,87,0,87,87,5,75,68,0,24,0,0,0,0,1,0,0,0,0,0,0,1,0,0,0
42,7,35,41,-28,30,80,75,0,2,0,0,0,0,1,0,0,0,0,0,0,0,1,0,1
137,61,76,136,-15,25,132,365,0,4,0,0,0,0,1,0,0,0,0,0,0,0,1,0,1
64,64,0,64,64,4,163,249,0,24,0,0,0,0,1,0,0,0,0,0,0,1,0,0,1
40,40,0,40,40,11,108,79,0,15,0,0,0,0,1,0,0,0,0,0,0,1,0,0,1
7,7,0,7,7,2,178,46,0,22,0,0,0,0,1,0,0,0,0,0,0,1,0,0,0
50,50,0,50,50,4,136,433,0,12,0,0,0,0,1,0,0,0,0,0,0,0,1,0,1
35,35,0,35,35,1,100,92,0,13,0,0,0,0,1,0,0,0,0,0,0,1,0,0,0
37,37,0,37,37,8,79,108,0,4,0,0,0,0,0,1,0,0,0,0,0,0,1,0,0
24,24,0,24,24,6,123,175,0,4,0,0,0,0,0,1,0,0,0,0,0,0,1,0,1
23,23,0,23,23,3,240,73,0,5,0,0,0,0,0,1,0,0,0,0,0,0,1,0,1
87,87,0,87,87,4,115,200,0,2,0,0,0,0,0,1,0,0,0,0,0,0,1,0,1
0,0,0,0,0,0,142,95,0,4,0,0,0,0,0,1,0,0,0,0,0,0,1,0,0
4,4,0,4,4,1,69,13,0,1,0,0,0,0,0,1,0,0,0,0,0,0,1,0,0
0,0,0,0,0,0,106,5,0,0,0,0,0,0,0,1,0,0,0,0,0,0,1,0,1
75,75,0,75,75,23,105,122,0,24,0,0,0,0,0,1,0,0,0,0,0,0,0,1,1
898,898,0,898,898,20,61,561,0,24,0,0,0,0,0,1,0,0,0,0,0,0,0,1,1
839,20,75,786,-55,61,87,4054,0,4,0,0,0,0,0,1,0,0,1,0,0,0,0,0,1
101,16,85,97,-69,38,126,614,0,24,0,0,0,0,0,0,1,1,0,0,0,0,0,0,1
99,15,84,87,-69,42,100,76,0,18,0,0,0,0,0,0,1,1,0,0,0,0,0,0,0
477,70,407,447,-337,40,95,2095,0,18,0,0,0,0,0,0,1,1,0,0,0,0,0,0,0
34,34,0,34,34,7,90,94,0,24,0,0,0,0,0,0,1,0,0,0,0,0,0,1,1
0,0,0,0,0,0,73,45,0,24,0,0,0,0,0,0,1,0,0,0,0,0,0,1,0
82,26,56,73,-30,32,78,115,0,24,0,0,0,0,0,0,1,1,0,0,0,0,0,0,1
34,34,0,34,34,23,83,73,0,24,0,0,0,0,0,0,1,1,0,0,0,0,0,0,0
239,68,171,218,-103,36,0,571,0,16,0,0,0,0,0,0,1,0,1,0,0,0,0,0,0
59,9,50,55,-41,37,76,121,0,7,0,0,0,0,0,0,1,0,1,0,0,0,0,0,1
43,43,0,43,43,10,130,125,0,24,0,0,0,0,0,0,1,1,0,0,0,0,0,0,0
89,89,0,89,89,20,75,178,0,21,0,0,0,0,0,0,1,1,0,0,0,0,0,0,1
46,46,0,46,46,8,94,209,0,24,1,0,0,0,0,0,0,1,0,0,0,0,0,0,1
129,129,0,129,129,13,230,359,0,23,1,0,0,0,0,0,0,1,0,0,0,0,0,0,0
84,14,70,84,-56,33,109,178,0,1,1,0,0,0,0,0,0,0,1,0,0,0,0,0,0
219,219,0,219,219,3,125,774,0,24,1,0,0,0,0,0,0,1,0,0,0,0,0,0,0
196,116,80,193,36,26,129,680,0,4,1,0,0,0,0,0,0,0,1,0,0,0,0,0,1
69,69,0,69,69,11,121,182,0,17,1,0,0,0,0,0,0,1,0,0,0,0,0,0,0
390,390,0,390,390,9,0,2690,0,10,1,0,0,0,0,0,0,0,1,0,0,0,0,0,1
429,429,0,429,429,8,70,3179,0,10,1,0,0,0,0,0,0,0,1,0,0,0,0,0,1
84,84,0,84,84,2,99,660,0,15,1,0,0,0,0,0,0,0,1,0,0,0,0,0,0
0,0,0,0,0,0,77,1665,0,16,0,1,0,0,0,0,0,0,1,0,0,0,0,0,1
286,286,0,286,286,7,63,1026,0,9,0,1,0,0,0,0,0,0,1,0,0,0,0,0,0
389,389,0,389,389,12,106,1350,0,3,0,1,0,0,0,0,0,0,1,0,0,0,0,0,1
1151,1151,0,1151,1151,13,22,3156,0,2,0,1,0,0,0,0,0,0,1,0,0,0,0,0,0
740,740,0,740,740,8,114,194,0,4,0,1,0,0,0,0,0,0,1,0,0,0,0,0,0
0,0,0,0,0,0,137,153,0,11,0,1,0,0,0,0,0,0,1,0,0,0,0,0,0
110,110,0,110,110,8,0,108,0,2,0,1,0,0,0,0,0,0,1,0,0,0,0,0,1
178,178,0,178,178,5,114,226,0,4,0,1,0,0,0,0,0,0,1,0,0,0,0,0,1
450,450,0,450,450,3,74,68,0,6,0,1,0,0,0,0,0,0,1,0,0,0,0,0,1
0,0,0,0,0,0,88,56,0,8,0,1,0,0,0,0,0,0,1,0,0,0,0,0,1
186,186,0,186,186,5,83,24,0,2,0,1,0,0,0,0,0,0,1,0,0,0,0,0,0
88,88,0,88,88,2,83,53,0,4,0,1,0,0,0,0,0,0,1,0,0,0,0,0,0
126,126,0,126,126,3,119,77,0,2,0,1,0,0,0,0,0,0,1,0,0,0,0,0,1
25,4,21,24,-17,37,0,20,0,24,0,0,0,0,1,0,0,0,0,0,0,0,1,0,1
107,13,7,89,6,64,13,85,0,24,0,0,0,0,1,0,0,1,0,0,0,0,0,0,0
65,65,0,65,65,18,53,112,0,24,0,0,0,0,0,1,0,0,0,0,0,0,1,0,0
36,4,32,34,-28,37,2,45,0,24,0,0,0,0,0,1,0,0,0,0,0,0,0,1,0
58,22,36,57,-14,27,65,13,0,14,0,0,0,0,0,0,1,1,0,0,0,0,0,0,0
35,35,0,35,35,1,89,12,0,24,0,0,0,0,0,0,1,0,0,0,0,0,0,1,0
114,114,0,114,114,20,59,111,0,16,0,0,0,0,0,0,1,1,0,0,0,0,0,0,1
89,89,0,89,89,8,22,213,0,5,1,0,0,0,0,0,0,0,1,0,0,0,0,0,0
20,20,0,20,20,7,93,12,0,5,1,0,0,0,0,0,0,0,1,0,0,0,0,0,1
6,6,0,6,6,1,140,24,0,10,1,0,0,0,0,0,0,0,1,0,0,0,0,0,0
71,71,0,71,71,5,22,117,0,5,0,1,0,0,0,0,0,0,1,0,0,0,0,0,1
29,29,0,29,29,4,41,20,0,4,0,1,0,0,0,0,0,0,1,0,0,0,0,0,0
0,0,0,0,0,0,61,6,0,7,0,1,0,0,0,0,0,0,1,0,0,0,0,0,1
0,0,0,0,0,0,39,27,0,6,0,1,0,0,0,0,0,0,1,0,0,0,0,0,1
25,25,0,25,25,3,59,21,0,3,0,1,0,0,0,0,0,0,1,0,0,0,0,0,1
0,0,0,0,0,0,72,13,0,5,0,1,0,0,0,0,0,0,1,0,0,0,0,0,0
14,14,0,14,14,4,54,1,0,1,0,1,0,0,0,0,0,0,1,0,0,0,0,0,0
0,0,0,0,0,0,207,3,0,5,0,1,0,0,0,0,0,0,1,0,0,0,0,0,1
104,104,0,104,104,4,144,161,0,1,0,1,0,0,0,0,0,0,1,0,0,0,0,0,0
37,37,0,37,37,1,116,3,0,3,0,1,0,0,0,0,0,0,1,0,0,0,0,0,0
39,39,0,39,39,3,114,1,0,1,0,1,0,0,0,0,0,0,1,0,0,0,0,0,0
0,0,0,0,0,0,120,52,0,4,0,1,0,0,0,0,0,0,1,0,0,0,0,0,1
0,0,0,0,0,0,75,3,0,4,0,1,0,0,0,0,0,0,1,0,0,0,0,0,1
86,86,0,86,86,2,73,17,0,2,0,1,0,0,0,0,0,0,1,0,0,0,0,0,0
0,0,0,0,0,0,182,15,0,4,0,1,0,0,0,0,0,0,1,0,0,0,0,0,0
52,52,0,52,52,2,87,44,0,2,0,1,0,0,0,0,0,0,1,0,0,0,0,0,0
44,44,0,44,44,2,135,25,0,2,0,1,0,0,0,0,0,0,1,0,0,0,0,0,0
16,16,0,16,16,2,66,3,0,2,0,1,0,0,0,0,0,0,1,0,0,0,0,0,1
17,17,0,17,17,2,49,15,0,2,0,1,0,0,0,0,0,0,1,0,0,0,0,0,0
0,0,0,0,0,0,52,1,0,4,0,1,0,0,0,0,0,0,1,0,0,0,0,0,1
33,33,0,33,33,2,78,29,0,1,0,1,0,0,0,0,0,0,1,0,0,0,0,0,1
30,30,0,30,30,1,63,22,0,2,0,1,0,0,0,0,0,0,1,0,0,0,0,0,1
45,45,0,45,45,1,70,4,0,2,0,1,0,0,0,0,0,0,1,0,0,0,0,0,0
0,0,0,0,0,0,113,1,0,3,0,1,0,0,0,0,0,0,1,0,0,0,0,0,1
102,102,0,102,102,1,53,3,0,2,0,1,0,0,0,0,0,0,1,0,0,0,0,0,0
99,99,0,99,99,1,105,41,0,2,0,1,0,0,0,0,0,0,1,0,0,0,0,0,1
69,69,0,69,69,1,57,19,0,2,0,1,0,0,0,0,0,0,1,0,0,0,0,0,1
0,0,0,0,0,0,73,60,0,3,0,1,0,0,0,0,0,0,1,0,0,0,0,0,0
29,29,0,29,29,1,62,34,0,1,0,1,0,0,0,0,0,0,1,0,0,0,0,0,0
0,0,0,0,0,0,226,26,0,2,0,1,0,0,0,0,0,0,1,0,0,0,0,0,1
0,0,0,0,0,0,67,41,0,2,0,1,0,0,0,0,0,0,1,0,0,0,0,0,1
118,118,0,118,118,1,89,11,0,1,0,1,0,0,0,0,0,0,1,0,0,0,0,0,1
418,418,0,418,418,1,245,579,0,1,0,1,0,0,0,0,0,0,1,0,0,0,0,0,0
0,0,0,0,0,0,123,151,0,2,0,1,0,0,0,0,0,0,1,0,0,0,0,0,1
0,0,0,0,0,0,45,48,0,2,0,1,0,0,0,0,0,0,1,0,0,0,0,0,1
0,0,0,0,0,0,60,86,0,1,0,1,0,0,0,0,0,0,1,0,0,0,0,0,1
0,0,0,0,0,0,46,63,0,1,0,1,0,0,0,0,0,0,1,0,0,0,0,0,0
12,8,4,12,4,26,74,2,0,24,0,0,0,0,1,0,0,0,0,0,0,0,1,0,0
11,1,5,10,-4,49,130,3,0,24,0,0,0,0,1,0,0,0,0,0,0,0,0,1,1
14,14,0,14,14,14,128,92,0,24,0,0,0,0,0,1,0,0,0,0,0,0,0,1,0
20,2,18,18,-16,41,89,1,0,24,0,0,0,0,0,1,0,1,0,0,0,0,0,0,0
47,17,30,46,-13,33,86,1,0,14,0,0,0,0,0,0,1,1,0,0,0,0,0,0,1
3,3,0,3,3,5,137,3,0,24,0,0,0,0,0,0,1,0,0,0,0,0,0,1,1
21,21,0,21,21,17,87,13,0,6,1,0,0,0,0,0,0,0,1,0,0,0,0,0,0
3,3,0,3,3,4,157,2,0,13,1,0,0,0,0,0,0,1,0,0,0,0,0,0,0
50,50,0,50,50,14,192,360,0,19,0,0,0,0,1,0,0,0,0,0,0,1,0,0,1
17,17,0,17,17,3,149,75,0,24,0,0,0,0,1,0,0,0,0,0,0,1,0,0,0
12,12,0,12,12,2,43,119,0,6,0,0,0,0,0,1,0,0,0,0,0,0,1,0,0
94,94,0,94,94,21,125,124,0,23,0,0,0,0,0,0,1,1,0,0,0,0,0,0,1
30,3,27,29,-24,36,175,46,0,1,0,0,0,0,0,0,1,0,1,0,0,0,0,0,0
12,12,0,12,12,6,56,34,0,14,1,0,0,0,0,0,0,1,0,0,0,0,0,0,0
3,3,0,3,3,1,115,12,0,6,0,1,0,0,0,0,0,0,1,0,0,0,0,0,0
36,36,0,36,36,4,282,180,0,2,0,1,0,0,0,0,0,0,1,0,0,0,0,0,1
7,7,0,7,7,1,131,55,0,5,0,1,0,0,0,0,0,0,1,0,0,0,0,0,0
0,0,0,0,0,14,68,7,0,24,0,0,0,0,1,0,0,0,0,0,0,0,1,0,0
37,2,29,33,-27,51,0,53,0,24,0,0,0,0,1,0,0,0,0,0,0,0,0,1,0
0,0,0,0,0,41,139,1,0,24,0,0,0,0,0,1,0,1,0,0,0,0,0,0,0
0,0,0,0,0,28,165,2,0,21,0,0,0,0,0,0,1,1,0,0,0,0,0,0,0
0,0,0,0,0,10,195,1,0,5,1,0,0,0,0,0,0,0,1,0,0,0,0,0,1
0,0,0,0,0,0,111,2,0,12,1,0,0,0,0,0,0,1,0,0,0,0,0,0,1
29,29,0,29,29,5,33,11,0,16,0,0,0,0,1,0,0,0,0,0,0,1,0,0,1
67,6,61,62,-55,39,85,322,0,24,0,0,0,0,0,1,0,1,0,0,0,0,0,0,0
36,17,19,33,-2,33,80,26,0,3,0,0,0,0,0,0,1,0,1,0,0,0,0,0,0
11,11,0,11,11,13,149,15,0,4,1,0,0,0,0,0,0,0,1,0,0,0,0,0,1
0,0,0,0,0,34,325,1,0,24,0,0,0,0,1,0,0,0,0,0,0,0,0,1,1
0,0,0,0,0,0,52,29,0,6,0,1,0,0,0,0,0,0,1,0,0,0,0,0,0
81,81,0,81,81,3,80,25,0,2,0,1,0,0,0,0,0,0,1,0,0,0,0,0,1
61,2,41,55,-39,50,209,297,0,24,0,0,0,0,1,0,0,1,0,0,0,0,0,0,1
103,103,0,103,103,3,125,574,0,2,0,1,0,0,0,0,0,0,1,0,0,0,0,0,1
35,35,0,35,35,13,112,62,0,24,0,0,0,0,1,0,0,0,0,0,0,0,1,0,0
30,30,0,30,30,3,0,3,0,24,0,0,0,0,0,1,0,0,0,0,0,0,1,0,1
246,98,148,234,-50,32,48,364,0,4,0,0,0,0,0,0,1,0,1,0,0,0,0,0,0
27,27,0,27,27,1,109,177,0,13,1,0,0,0,0,0,0,1,0,0,0,0,0,0,1
124,124,0,124,124,15,1272,555,0,15,0,0,0,0,1,0,0,0,0,0,0,1,0,0,0
23,23,0,23,23,3,739,20,0,1,0,0,0,0,0,1,0,0,0,0,0,0,1,0,1
37,37,0,37,37,11,163,104,0,23,0,0,0,0,1,0,0,0,0,0,0,1,0,0,1
96,35,61,93,-26,30,575,97,0,3,0,0,0,0,1,0,0,0,0,0,0,0,1,0,1
64,64,0,64,64,7,504,26,0,24,0,0,0,0,1,0,0,0,0,0,0,1,0,0,1
41,41,0,41,41,8,173,92,0,12,0,0,0,0,1,0,0,0,0,0,0,1,0,0,1
128,128,0,128,128,9,418,94,0,24,0,0,0,0,0,1,0,0,0,0,0,0,0,1,0
44,11,33,42,-22,38,933,53,0,16,0,0,0,0,0,0,1,1,0,0,0,0,0,0,0
21,8,13,21,-5,27,577,20,0,10,0,0,0,0,0,0,1,0,1,0,0,0,0,0,1
22,22,0,22,22,24,541,33,0,9,1,0,0,0,0,0,0,0,1,0,0,0,0,0,0
9,9,0,9,9,7,489,4,0,5,0,0,0,0,1,0,0,0,0,0,0,0,1,0,0
10,10,0,10,10,7,490,3,0,5,0,0,0,0,1,0,0,0,0,0,0,0,1,0,0
0,0,0,0,0,0,246,46,0,10,0,0,0,0,0,1,0,0,0,0,0,0,1,0,0
60,60,0,60,60,6,369,52,0,3,0,0,0,0,0,1,0,0,0,0,0,0,1,0,1
37,37,0,37,37,2,291,46,0,4,0,0,0,0,0,1,0,0,0,0,0,0,1,0,0
225,106,119,217,-13,30,422,1818,0,24,0,0,0,0,0,1,0,0,0,0,0,0,0,1,1
119,119,0,119,119,5,321,2028,0,24,0,0,0,0,0,1,0,0,0,0,0,0,0,1,0
53,53,0,53,53,24,246,118,0,24,0,0,0,0,0,0,1,1,0,0,0,0,0,0,0
60,40,20,59,20,25,614,104,0,24,0,0,0,0,0,0,1,1,0,0,0,0,0,0,0
36,36,0,36,36,2,230,1889,0,24,0,0,0,0,0,0,1,0,0,0,0,0,0,1,1
39,39,0,39,39,14,325,194,0,20,1,0,0,0,0,0,0,1,0,0,0,0,0,0,0
24,24,0,24,24,10,801,65,0,21,1,0,0,0,0,0,0,1,0,0,0,0,0,0,0
30,30,0,30,30,24,373,55,0,7,1,0,0,0,0,0,0,0,1,0,0,0,0,0,1
62,62,0,62,62,12,385,61,0,18,1,0,0,0,0,0,0,1,0,0,0,0,0,0,0
101,101,0,101,101,17,0,201,0,13,1,0,0,0,0,0,0,1,0,0,0,0,0,0,1
43,43,0,43,43,3,225,8371,0,17,1,0,0,0,0,0,0,1,0,0,0,0,0,0,1
175,175,0,175,175,1,369,1254,0,12,1,0,0,0,0,0,0,1,0,0,0,0,0,0,1
48,48,0,48,48,4,464,119,0,5,0,1,0,0,0,0,0,0,1,0,0,0,0,0,1
454,454,0,454,454,6,222,1654,0,2,0,1,0,0,0,0,0,0,1,0,0,0,0,0,0
397,397,0,397,397,2,337,342,0,2,0,1,0,0,0,0,0,0,1,0,0,0,0,0,1
252,252,0,252,252,1,441,92,0,2,0,1,0,0,0,0,0,0,1,0,0,0,0,0,1
0,0,0,0,0,0,96,7610,0,2,0,1,0,0,0,0,0,0,1,0,0,0,0,0,0
254,254,0,254,254,1,395,913,0,1,0,1,0,0,0,0,0,0,1,0,0,0,0,0,0
0,0,0,0,0,0,127,137,0,2,0,1,0,0,0,0,0,0,1,0,0,0,0,0,0
0,0,0,0,0,0,0,62,0,0,0,1,0,0,0,0,0,0,1,0,0,0,0,0,1
1,1,0,1,1,8,81,5,0,24,0,0,0,0,0,0,1,0,0,0,0,0,0,1,0
0,0,0,0,0,7,241,3,0,15,1,0,0,0,0,0,0,0,1,0,0,0,0,0,1
37,37,0,37,37,24,162,3,0,24,0,0,0,0,1,0,0,0,0,0,0,0,1,0,1
379,35,118,332,-83,53,39,44,0,16,0,0,0,0,0,1,0,0,1,0,0,0,0,0,0
77,77,0,77,77,19,89,11,0,24,0,0,0,0,0,0,1,1,0,0,0,0,0,0,0
22,22,0,22,22,10,53,2,0,16,1,0,0,0,0,0,0,0,1,0,0,0,0,0,0
4,4,0,4,4,6,185,56,0,17,0,0,0,0,1,0,0,0,0,0,0,1,0,0,1
2,2,0,2,2,17,386,1,0,6,0,0,0,0,1,0,0,0,0,0,0,0,1,0,1
13,13,0,13,13,6,210,84,0,17,0,0,0,0,1,0,0,0,0,0,0,1,0,0,1
34,10,24,26,-14,45,123,1,0,24,0,0,0,0,1,0,0,0,0,0,0,0,0,1,0
5,5,0,5,5,5,917,16,0,15,0,0,0,0,1,0,0,0,0,0,0,1,0,0,1
5,5,0,5,5,6,0,53,0,14,0,0,0,0,1,0,0,0,0,0,0,1,0,0,1
0,0,0,0,0,1,341,3,0,24,0,0,0,0,0,1,0,0,0,0,0,0,1,0,1
10,4,6,9,-2,31,0,1,0,24,0,0,0,0,0,1,0,1,0,0,0,0,0,0,1
2,0,2,2,-2,38,282,6,0,24,0,0,0,0,0,1,0,1,0,0,0,0,0,0,1
6,6,0,6,6,14,0,338,0,24,0,0,0,0,0,1,0,0,0,0,0,0,0,1,0
3,3,0,3,3,3,284,4,0,24,0,0,0,0,0,0,1,0,0,0,0,0,0,1,0
4,1,3,4,-2,32,366,34,0,13,0,0,0,0,0,0,1,1,0,0,0,0,0,0,1
9,4,5,8,-1,44,394,17,0,1,0,0,0,0,0,0,1,0,1,0,0,0,0,0,0
6,6,0,6,6,15,602,63,0,24,0,0,0,0,0,0,1,1,0,0,0,0,0,0,1
8,8,0,8,8,8,544,4,0,24,0,0,0,0,0,0,1,1,0,0,0,0,0,0,1
4,4,0,4,4,15,108,28,0,24,0,0,0,0,0,0,1,1,0,0,0,0,0,0,0
7,1,6,6,-5,33,216,1,0,4,0,0,0,0,0,0,1,0,1,0,0,0,0,0,1
2,2,0,2,2,6,161,3,0,24,0,0,0,0,0,0,1,1,0,0,0,0,0,0,0
7,1,6,7,-5,30,156,2,0,6,0,0,0,0,0,0,1,0,1,0,0,0,0,0,0
9,9,0,9,9,13,186,85,0,21,1,0,0,0,0,0,0,1,0,0,0,0,0,0,1
0,0,0,0,0,3,243,19,0,17,1,0,0,0,0,0,0,1,0,0,0,0,0,0,0
11,11,0,11,11,12,605,51,0,2,1,0,0,0,0,0,0,0,1,0,0,0,0,0,1
4,4,0,4,4,2,269,15,0,10,1,0,0,0,0,0,0,1,0,0,0,0,0,0,1
5,5,0,5,5,7,317,5,0,4,1,0,0,0,0,0,0,0,1,0,0,0,0,0,0
11,11,0,11,11,1,124,176,0,10,1,0,0,0,0,0,0,1,0,0,0,0,0,0,1
12,12,0,12,12,5,191,93,0,6,1,0,0,0,0,0,0,0,1,0,0,0,0,0,1
4,4,0,4,4,3,290,25,0,7,0,1,0,0,0,0,0,0,1,0,0,0,0,0,0
1223,1223,0,1223,1223,23,139,171,0,24,0,0,0,0,1,0,0,0,0,0,0,0,1,0,0
557,95,462,521,-367,39,6,261,0,24,0,0,0,0,1,0,0,0,0,0,0,0,1,0,0
2148,565,1583,2044,-1018,34,18,1262,0,24,0,0,0,0,1,0,0,0,0,0,0,0,1,0,0
1039,97,486,911,-389,53,111,463,0,24,0,0,0,0,1,0,0,0,0,0,0,0,0,1,1
618,618,0,618,618,7,110,185,0,6,0,1,0,0,0,0,0,0,1,0,0,0,0,0,1
2526,2526,0,2526,2526,9,116,280,0,4,0,1,0,0,0,0,0,0,1,0,0,0,0,0,1
1132,1132,0,1132,1132,4,5,276,0,9,0,1,0,0,0,0,0,0,1,0,0,0,0,0,0
431,431,0,431,431,5,107,151,0,6,0,1,0,0,0,0,0,0,1,0,0,0,0,0,1
596,596,0,596,596,4,6,133,0,7,0,1,0,0,0,0,0,0,1,0,0,0,0,0,1
0,0,0,0,0,0,65,81,0,7,0,1,0,0,0,0,0,0,1,0,0,0,0,0,0
270,270,0,270,270,2,10,72,0,5,0,1,0,0,0,0,0,0,1,0,0,0,0,0,1
53,53,0,53,53,8,233,47,0,18,0,0,0,0,1,0,0,0,0,0,0,1,0,0,0
190,190,0,190,190,12,70,23,0,12,0,0,0,0,1,0,0,0,0,0,0,1,0,0,0
115,115,0,115,115,4,119,260,0,13,0,0,0,0,1,0,0,0,0,0,0,1,0,0,0
0,0,0,0,0,0,86,21,0,2,0,0,0,0,0,1,0,0,0,0,0,0,1,0,1
75,4,9,67,-5,64,116,147,0,2,0,0,0,0,0,1,0,0,1,0,0,0,0,0,0
83,83,0,83,83,3,312,42,0,24,0,0,0,0,0,1,0,0,0,0,0,0,1,0,0
230,25,205,220,-180,35,164,28,0,12,0,0,0,0,0,0,1,1,0,0,0,0,0,0,1
83,83,0,83,83,15,105,504,0,24,0,0,0,0,0,0,1,1,0,0,0,0,0,0,1
351,351,0,351,351,23,114,27,0,2,1,0,0,0,0,0,0,0,1,0,0,0,0,0,1
74,74,0,74,74,2,100,36,0,16,1,0,0,0,0,0,0,1,0,0,0,0,0,0,1
21,21,0,21,21,3,259,20,0,21,0,0,0,0,1,0,0,0,0,0,0,1,0,0,0
394,394,0,394,394,9,265,229,0,13,0,0,0,0,1,0,0,0,0,0,0,1,0,0,0
9,9,0,9,9,9,225,53,0,12,0,0,0,0,1,0,0,0,0,0,0,1,0,0,0
13,13,0,13,13,5,352,55,0,15,0,0,0,0,1,0,0,0,0,0,0,1,0,0,0
19,19,0,19,19,12,258,4,0,5,0,0,0,0,1,0,0,0,0,0,0,0,1,0,1
52,52,0,52,52,13,352,2,0,2,0,0,0,0,1,0,0,0,0,0,0,0,1,0,0
28,12,16,28,-4,26,322,2,0,24,0,0,0,0,0,1,0,0,0,0,0,0,0,1,1
44,44,0,44,44,15,268,3,0,24,0,0,0,0,0,1,0,0,0,0,0,0,0,1,1
7,7,0,7,7,13,33,1,0,24,0,0,0,0,0,1,0,0,0,0,0,0,0,1,0
4,4,0,4,4,24,33,1,0,24,0,0,0,0,0,1,0,0,0,0,0,0,0,1,1
13,13,0,13,13,1,200,1,0,24,0,0,0,0,0,1,0,0,0,0,0,0,1,0,1
16,0,16,16,-16,48,121,5,0,2,0,0,0,0,0,0,1,0,1,0,0,0,0,0,0
19,19,0,19,19,8,160,26,0,24,0,0,0,0,0,0,1,0,0,0,0,0,0,1,0
11,1,10,11,-9,34,40,3,0,11,0,0,0,0,0,0,1,1,0,0,0,0,0,0,1
0,0,0,0,0,0,148,14,0,24,0,0,0,0,0,0,1,0,0,0,0,0,0,1,0
99,42,57,96,-15,32,139,39,0,11,0,0,0,0,0,0,1,1,0,0,0,0,0,0,0
79,42,37,75,5,26,145,15,0,16,0,0,0,0,0,0,1,1,0,0,0,0,0,0,1
84,23,61,81,-38,30,219,31,0,11,0,0,0,0,0,0,1,1,0,0,0,0,0,0,1
23,23,0,23,23,3,192,62,0,24,0,0,0,0,0,0,1,0,0,0,0,0,0,1,1
73,73,0,73,73,8,253,5,0,24,0,0,0,0,0,0,1,1,0,0,0,0,0,0,0
186,186,0,186,186,24,155,66,0,12,0,0,0,0,0,0,1,1,0,0,0,0,0,0,1
3,3,0,3,3,18,86,1,0,1,1,0,0,0,0,0,0,0,1,0,0,0,0,0,0
469,469,0,469,469,12,158,30,0,12,1,0,0,0,0,0,0,1,0,0,0,0,0,0,1
22,22,0,22,22,17,129,4,0,4,1,0,0,0,0,0,0,0,1,0,0,0,0,0,0
69,69,0,69,69,17,137,62,0,1,1,0,0,0,0,0,0,0,1,0,0,0,0,0,0
157,157,0,157,157,4,190,2,0,11,1,0,0,0,0,0,0,1,0,0,0,0,0,0,0
35,35,0,35,35,3,173,23,0,9,1,0,0,0,0,0,0,0,1,0,0,0,0,0,1
0,0,0,0,0,0,42,19,0,1,0,1,0,0,0,0,0,0,1,0,0,0,0,0,0
4,4,0,4,4,9,0,13,0,3,0,0,0,0,1,0,0,0,0,0,0,0,1,0,1
27,27,0,27,27,6,68,19,0,11,0,0,0,0,1,0,0,0,0,0,0,1,0,0,0
42,42,0,42,42,6,288,33,0,10,0,0,0,0,1,0,0,0,0,0,0,1,0,0,0
143,143,0,143,143,13,47,83,0,3,0,0,0,0,1,0,0,0,0,0,0,0,1,0,0
114,114,0,114,114,6,113,37,0,5,0,0,0,0,1,0,0,0,0,0,0,0,1,0,1
13,13,0,13,13,1,88,30,0,24,0,0,0,0,0,1,0,0,0,0,0,0,1,0,0
261,8,65,250,-57,52,157,17,0,12,0,0,0,0,0,1,0,1,0,0,0,0,0,0,0
69,13,56,63,-43,38,49,36,0,3,0,0,0,0,0,0,1,0,1,0,0,0,0,0,1
0,0,0,0,0,0,85,195,0,18,1,0,0,0,0,0,0,1,0,0,0,0,0,0,1
11,11,0,11,11,4,69,5,0,14,1,0,0,0,0,0,0,1,0,0,0,0,0,0,1
154,154,0,154,154,2,67,268,0,9,1,0,0,0,0,0,0,0,1,0,0,0,0,0,1
0,0,0,0,0,0,112,53,0,10,0,1,0,0,0,0,0,0,1,0,0,0,0,0,0
636,636,0,636,636,4,212,203,0,22,0,0,0,0,1,0,0,0,0,0,0,1,0,0,1
0,0,0,0,0,0,78,210,0,1,0,0,0,0,0,1,0,0,0,0,0,0,1,0,0
2335,400,1935,2113,-1535,39,52,524,0,6,0,0,0,0,0,0,1,0,1,0,0,0,0,0,0
63,63,0,63,63,12,131,843,0,24,1,0,0,0,0,0,0,1,0,0,0,0,0,0,1
64,64,0,64,64,11,95,43,0,24,0,0,0,0,0,1,0,0,0,0,0,0,0,1,1
